Date,0
2012-01-03,0.0
2012-01-04,0.0
2012-01-05,0.0
2012-01-06,0.0
2012-01-09,0.0
2012-01-10,0.0
2012-01-11,0.0
2012-01-12,0.0
2012-01-13,0.0
2012-01-17,0.0
2012-01-18,0.0
2012-01-19,0.0
2012-01-20,0.0
2012-01-23,0.0
2012-01-24,-0.00014285714285714284
2012-01-25,0.0014828221980910082
2012-01-26,-2.827711033861129e-05
2012-01-27,0.0008972275220948149
2012-01-30,0.00011051092013980914
2012-01-31,-4.453589924307775e-05
2012-02-01,0.0014948692342143931
2012-02-02,0.0017075136139317465
2012-02-03,0.0016997526657710255
2012-02-06,0.000714188804427365
2012-02-07,-0.0021004969097417007
2012-02-08,-0.001433713721378491
2012-02-09,0.0013051929079751455
2012-02-10,-0.0010623734326580714
2012-02-13,-0.001954275566672046
2012-02-14,-0.00011369854627204261
2012-02-15,-0.0003107623938795853
2012-02-16,8.326155885729008e-05
2012-02-17,0.0030622174188794436
2012-02-21,-0.000938232927891062
2012-02-22,-0.0009454861837756568
2012-02-23,0.0019839042698174317
2012-02-24,-0.0014265756836822903
2012-02-27,0.0019862814944149525
2012-02-28,0.0016635199835197665
2012-02-29,0.002736513976641138
2012-03-01,-0.00044993125643978405
2012-03-02,-0.00047985388160426016
2012-03-05,0.001797226314148805
2012-03-06,-0.00011045634381015232
2012-03-07,0.0025519239736225374
2012-03-08,0.0013573190547234502
2012-03-09,-0.0009771765785610783
2012-03-12,0.0017319206434886628
2012-03-13,0.002625438846409239
2012-03-14,0.001196475005523307
2012-03-15,0.0003925664039381139
2012-03-16,0.0
2012-03-19,0.0
2012-03-20,0.0
2012-03-21,0.0
2012-03-22,0.0
2012-03-23,0.0
2012-03-26,0.0
2012-03-27,0.0
2012-03-28,-0.00014285714285714287
2012-03-29,0.0008587329822810014
2012-03-30,0.002063669246635726
2012-04-02,0.0005072848366008012
2012-04-03,0.001681901283237785
2012-04-04,0.0
2012-04-05,-0.00014285714285714284
2012-04-09,-0.00020314024462607383
2012-04-10,0.002174492226466312
2012-04-11,-0.0013659703366133197
2012-04-12,0.0013983926979529624
2012-04-13,-0.002553567642650877
2012-04-16,0.0007932360031752369
2012-04-17,-0.00339943851976957
2012-04-18,0.004443406306701673
2012-04-19,-0.0014084838778477286
2012-04-20,0.0011801080916832125
2012-04-23,0.0013719697972937994
2012-04-24,-0.0001197626724161599
2012-04-25,-6.550219245720409e-05
2012-04-26,-0.0022150457345569067
2012-04-27,-0.0008907281495947162
2012-04-30,0.0002567353065004017
2012-05-01,8.594528821134742e-05
2012-05-02,-0.0049478859609685955
2012-05-03,-0.0019481717755767483
2012-05-04,-0.0012305299428202413
2012-05-07,-0.002059765207402852
2012-05-08,0.0005442528434681613
2012-05-09,-0.0014473876003393764
2012-05-10,0.004368883920122308
2012-05-11,0.00037366586782540845
2012-05-14,0.0027067235678905955
2012-05-15,-0.007597555060708546
2012-05-16,-0.0005607239148500434
2012-05-17,0.0017427950786799904
2012-05-18,0.003337666408196619
2012-05-21,0.003061783792445306
2012-05-22,0.00022044968700960586
2012-05-23,-0.001032557256753347
2012-05-24,0.0017261097260631816
2012-05-25,0.0010308745649703782
2012-05-29,-0.001434674176376171
2012-05-30,-0.000542498958652338
2012-05-31,-0.007719512655603166
2012-06-01,0.002631045361255472
2012-06-04,0.0022571426970891713
2012-06-05,0.00036101927902621063
2012-06-06,0.0007654728328098349
2012-06-07,0.0004867119649697351
2012-06-08,0.0022187307945928728
2012-06-11,-0.00011653746067740955
2012-06-12,-0.0025905784018138006
2012-06-13,-0.000976775678244191
2012-06-14,-0.0041446633962581745
2012-06-15,0.00018907954010081697
2012-06-18,-0.00014291186007017867
2012-06-19,0.001747778478069603
2012-06-20,-0.0012355829182264524
2012-06-21,-0.0027119440326469706
2012-06-22,0.0006378320596437086
2012-06-25,-0.0018145887912145353
2012-06-26,-0.0023277992428471775
2012-06-27,0.004843536354747801
2012-06-28,0.000537636634236677
2012-06-29,-0.0007669456192322284
2012-07-02,0.0
2012-07-03,0.0
2012-07-05,-0.0004
2012-07-06,0.0013476398900378029
2012-07-09,-0.002002455941493204
2012-07-10,-0.004247600479336821
2012-07-11,0.00889928704621154
2012-07-12,-0.0036237044029834202
2012-07-13,-0.008509271837771856
2012-07-16,0.0026196200424576316
2012-07-17,-0.021871179486517588
2012-07-18,-0.03430251156146778
2012-07-19,0.03191363250592856
2012-07-20,0.025972700870848724
2012-07-23,0.004755650246619203
2012-07-24,0.007959320206374838
2012-07-25,0.0012441941974565601
2012-07-26,-0.0026923772995155896
2012-07-27,-0.022214511393892113
2012-07-30,0.005924129650389128
2012-07-31,0.011087288091281757
2012-08-01,0.028996771238223733
2012-08-02,-0.0031319555248551095
2012-08-03,-0.014229443315016372
2012-08-06,0.004559152102806351
2012-08-07,-0.01391871760299899
2012-08-08,-0.0077705949893958045
2012-08-09,-0.0010210367168744297
2012-08-10,-0.0003114923285708655
2012-08-13,0.0034195883386033375
2012-08-14,-0.004161387294096809
2012-08-15,0.0005635651822309124
2012-08-16,-0.009212082304069507
2012-08-17,-0.0008084290667159565
2012-08-20,0.0038824629064021453
2012-08-21,0.0019742184948866315
2012-08-22,-0.004375849000335868
2012-08-23,0.0019656055816450347
2012-08-24,-0.01610348010237226
2012-08-27,-0.0035066150083346106
2012-08-28,0.004551834375603393
2012-08-29,0.0015020869108183248
2012-08-30,0.0033149672278506752
2012-08-31,0.001180667862190521
2012-09-04,-0.01968659881463718
2012-09-05,0.0009948248654966566
2012-09-06,-0.021404461085149887
2012-09-07,0.0044654884325457675
2012-09-10,0.006030579085325296
2012-09-11,0.00181860486590181
2012-09-12,0.007161011643729816
2012-09-13,-0.01716752747436085
2012-09-14,-0.006555626368096351
2012-09-17,-0.001447624093705634
2012-09-18,0.026631432941902188
2012-09-19,-0.019807842473561352
2012-09-20,0.008047568405154656
2012-09-21,-0.028330454445574117
2012-09-24,0.005719204231034744
2012-09-25,-0.006021035282000721
2012-09-26,-0.0035184710788539486
2012-09-27,-0.0038982516916048113
2012-09-28,-0.0051020854849828405
2012-10-01,0.002405957394805488
2012-10-02,-0.020319631997494637
2012-10-03,-0.01100066957049655
2012-10-04,-0.02397297534624884
2012-10-05,-0.003798870733986108
2012-10-08,-0.024487570031779853
2012-10-09,0.001217369215942165
2012-10-10,0.025883742096629712
2012-10-11,0.004348022443094814
2012-10-12,-0.007627606458736469
2012-10-15,-0.008321533534877103
2012-10-16,-0.011533429097991247
2012-10-17,-0.005343123466129725
2012-10-18,-0.00694130368835114
2012-10-19,0.0005041332278246907
2012-10-22,0.00995758085159241
2012-10-23,0.0017606708806112287
2012-10-24,-0.0015992852667524198
2012-10-25,0.04149428241736685
2012-10-26,0.021449164537174204
2012-10-31,0.003256975163348279
2012-11-01,-0.0001770164614609333
2012-11-02,0.014195948431575484
2012-11-05,0.0012869746905517197
2012-11-06,-0.0005455623988878792
2012-11-07,0.033719226710025446
2012-11-08,0.02000900564549176
2012-11-09,0.0037869807052744453
2012-11-12,0.005780092309378966
2012-11-13,-0.004668963040409959
2012-11-14,0.028892495524639628
2012-11-15,-0.01566873629627514
2012-11-16,-0.018307662200601534
2012-11-19,-0.007097228291847925
2012-11-20,-0.0025287652206275285
2012-11-21,0.00016303742909149166
2012-11-23,-0.015436868445075696
2012-11-26,0.047055495241952454
2012-11-27,0.008217165566037894
2012-11-28,-0.01041874943569417
2012-11-29,0.021577160318977676
2012-11-30,-0.0002573193621496616
2012-12-03,0.007054526610197495
2012-12-04,-0.015401292751506757
2012-12-05,0.0004114784367364976
2012-12-06,-0.004851766464746129
2012-12-07,-0.005002436051808919
2012-12-10,0.0050301119419279405
2012-12-11,-0.0038117235629154408
2012-12-12,0.011972176763545027
2012-12-13,0.010312124151195375
2012-12-14,0.005802413783958852
2012-12-17,-0.021724203102175578
2012-12-18,-0.005470024695456678
2012-12-19,0.0046462001670441126
2012-12-20,-0.0005371607740711588
2012-12-21,0.011058484916797735
2012-12-24,0.00011146773946603716
2012-12-26,0.006465861116509678
2012-12-27,-0.011599598710734979
2012-12-28,0.007411322716593785
2012-12-31,-0.020749810293698646
2013-01-02,-0.0001
2013-01-03,0.0005002008702025594
2013-01-04,-0.00021968242559658452
2013-01-07,-0.0008560564668082206
2013-01-08,0.0005783225240226771
2013-01-09,-0.0009249526191747771
2013-01-10,0.0002755407447037333
2013-01-11,-0.0006858280653248896
2013-01-14,0.0006846109632649398
2013-01-15,-0.0010431717693590943
2013-01-16,9.986890242272067e-05
2013-01-17,-0.002639081620141718
2013-01-18,-0.0014060440749950286
2013-01-22,-0.0005440322006722455
2013-01-23,0.0052290982919184084
2013-01-24,-0.0024844648983379488
2013-01-25,0.0018917293349890968
2013-01-28,-0.0027014799115691697
2013-01-29,0.001856802923529351
2013-01-30,0.005465780235115592
2013-01-31,0.005777501501639261
2013-02-01,-0.0031849295449130456
2013-02-04,0.001931980621931765
2013-02-05,-0.009229958982389397
2013-02-06,0.00130087970344162
2013-02-07,0.005084691567732015
2013-02-08,0.004471843271273455
2013-02-11,0.001979572725834413
2013-02-12,-0.0005306627094131872
2013-02-13,0.0016663676342070955
2013-02-14,0.002670284984430649
2013-02-15,-0.0007193620856643633
2013-02-19,-6.88516715749315e-05
2013-02-20,0.0017474953422993988
2013-02-21,0.00018198849539411837
2013-02-22,-0.0038580773207379385
2013-02-25,0.0026424845875447204
2013-02-26,-0.002217839643531373
2013-02-27,-0.0006930303276477862
2013-02-28,-0.002055559588535683
2013-03-01,-0.001995209013289994
2013-03-04,-0.00638700097373764
2013-03-05,-0.011478808409669927
2013-03-06,-0.0008832792471111701
2013-03-07,0.0005669062020916626
2013-03-08,0.001638287828574792
2013-03-11,0.01063584302244439
2013-03-12,0.002198153820496553
2013-03-13,0.0015763536356832996
2013-03-14,0.00010805089678235791
2013-03-15,0.005577412605649459
2013-03-18,0.0006096595832617467
2013-03-19,0.0016388661772396222
2013-03-20,-0.0013493152533315934
2013-03-21,-0.0022619645696502605
2013-03-22,-0.0012697696674044395
2013-03-25,0.0055024267130642165
2013-03-26,-0.005631881797836466
2013-03-27,0.0018342200828636245
2013-03-28,0.0017951437333750425
2013-04-01,0.004509559793866664
2013-04-02,0.0003258856099492569
2013-04-03,0.004061756332914757
2013-04-04,-0.0009526995109625699
2013-04-05,0.001054939923885443
2013-04-08,0.004482182911132439
2013-04-09,0.0011937293392748072
2013-04-10,-0.003102996512542513
2013-04-11,-2.63801043017136e-05
2013-04-12,0.003402133171602438
2013-04-15,0.005727244460947678
2013-04-16,-0.005951099956125282
2013-04-17,0.005750960610508196
2013-04-18,0.001124544098489669
2013-04-19,-0.000939494997324955
2013-04-22,-9.472757597819735e-05
2013-04-23,-0.00384318710742112
2013-04-24,-0.0008035090270731074
2013-04-25,0.026540316390798825
2013-04-26,0.0038168635961868583
2013-04-29,0.001550256278108709
2013-04-30,-0.003654776110519113
2013-05-01,0.0025313734954031004
2013-05-02,-0.00014910421262529817
2013-05-03,-0.000558055240116401
2013-05-06,-0.001204690497580651
2013-05-07,-0.001772118287074819
2013-05-08,-0.0009387503702551377
2013-05-09,-0.004560298083908727
2013-05-10,0.005410619225700226
2013-05-13,-0.0055178916471430375
2013-05-14,-0.0014003301953562227
2013-05-15,0.004594843735355377
2013-05-16,-0.0029519931056407275
2013-05-17,0.0020979080194179277
2013-05-20,-0.0028951818026075144
2013-05-21,-0.007095879868854386
2013-05-22,0.0063060170034719
2013-05-23,-0.0004633937161792539
2013-05-24,-0.006498092806144028
2013-05-28,0.004563087140712395
2013-05-29,0.001574474754793366
2013-05-30,0.0006152937158974645
2013-05-31,-0.00021525239506497187
2013-06-03,-0.004010186584185249
2013-06-04,0.0014326613659084888
2013-06-05,0.0016960118237536379
2013-06-06,0.0014811241908112972
2013-06-07,0.004367108104134799
2013-06-10,-0.0035242710871135827
2013-06-11,-0.003067402739327766
2013-06-12,0.002876397457783927
2013-06-13,-0.0018018845649563895
2013-06-14,-0.00022958117695136526
2013-06-17,0.0008254302301323108
2013-06-18,0.0028330689846498254
2013-06-19,0.0011854393150060182
2013-06-20,0.0006904988031271352
2013-06-21,-0.0016612678034839796
2013-06-24,0.0009770322400516512
2013-06-25,0.0007420866010605459
2013-06-26,0.002322506975149137
2013-06-27,0.0035410969929151334
2013-06-28,0.0004725527005172641
2013-07-01,0.0
2013-07-02,0.0
2013-07-03,0.0
2013-07-05,0.0
2013-07-08,0.0
2013-07-09,0.0
2013-07-10,0.0
2013-07-11,0.0
2013-07-12,0.0
2013-07-15,0.0
2013-07-16,0.0
2013-07-17,0.0
2013-07-18,0.0
2013-07-19,0.0
2013-07-22,0.0
2013-07-23,0.0
2013-07-24,0.0
2013-07-25,0.0
2013-07-26,0.0
2013-07-29,0.0
2013-07-30,0.0
2013-07-31,0.0
2013-08-01,0.0
2013-08-02,0.0
2013-08-05,0.0
2013-08-06,0.0
2013-08-07,0.0
2013-08-08,0.0
2013-08-09,0.0
2013-08-12,0.0
2013-08-13,0.0
2013-08-14,0.0
2013-08-15,0.0
2013-08-16,0.0
2013-08-19,0.0
2013-08-20,0.0
2013-08-21,0.0
2013-08-22,0.0
2013-08-23,0.0
2013-08-26,0.0
2013-08-27,0.0
2013-08-28,0.0
2013-08-29,0.0
2013-08-30,0.0
2013-09-03,0.0
2013-09-04,0.0
2013-09-05,0.0
2013-09-06,0.0
2013-09-09,0.0
2013-09-10,0.0
2013-09-11,0.0
2013-09-12,0.0
2013-09-13,0.0
2013-09-16,0.0
2013-09-17,0.0
2013-09-18,0.0
2013-09-19,0.0
2013-09-20,0.0
2013-09-23,0.0
2013-09-24,0.0
2013-09-25,0.0
2013-09-26,0.0
2013-09-27,0.0
2013-09-30,0.0
2013-10-01,0.0
2013-10-02,0.0
2013-10-03,0.0
2013-10-04,0.0
2013-10-07,0.0
2013-10-08,0.0
2013-10-09,0.0
2013-10-10,0.0
2013-10-11,0.0
2013-10-14,0.0
2013-10-15,0.0
2013-10-16,0.0
2013-10-17,0.0
2013-10-18,0.0
2013-10-21,0.0
2013-10-22,0.0
2013-10-23,0.0
2013-10-24,0.0
2013-10-25,0.0
2013-10-28,0.0
2013-10-29,0.0
2013-10-30,0.0
2013-10-31,0.0
2013-11-01,0.0
2013-11-04,0.0
2013-11-05,0.0
2013-11-06,0.0
2013-11-07,0.0
2013-11-08,0.0
2013-11-11,0.0
2013-11-12,0.0
2013-11-13,0.0
2013-11-14,0.0
2013-11-15,0.0
2013-11-18,0.0
2013-11-19,0.0
2013-11-20,0.0
2013-11-21,0.0
2013-11-22,0.0
2013-11-25,0.0
2013-11-26,0.0
2013-11-27,0.0
2013-11-29,0.0
2013-12-02,0.0
2013-12-03,0.0
2013-12-04,0.0
2013-12-05,0.0
2013-12-06,0.0
2013-12-09,0.0
2013-12-10,0.0
2013-12-11,0.0
2013-12-12,0.0
2013-12-13,0.0
2013-12-16,0.0
2013-12-17,0.0
2013-12-18,0.0
2013-12-19,0.0
2013-12-20,0.0
2013-12-23,0.0
2013-12-24,0.0
2013-12-26,0.0
2013-12-27,0.0
2013-12-30,0.0
2013-12-31,0.0
2014-01-02,0.0
2014-01-03,0.0
2014-01-06,0.0
2014-01-07,0.0
2014-01-08,0.0
2014-01-09,0.0
2014-01-10,0.0
2014-01-13,0.0
2014-01-14,0.0
2014-01-15,0.0
2014-01-16,0.0
2014-01-17,0.0
2014-01-21,0.0
2014-01-22,0.0
2014-01-23,0.0
2014-01-24,0.0
2014-01-27,0.0
2014-01-28,0.0
2014-01-29,0.0
2014-01-30,0.0
2014-01-31,0.0
2014-02-03,0.0
2014-02-04,0.0
2014-02-05,0.0
2014-02-06,0.0
2014-02-07,0.0
2014-02-10,0.0
2014-02-11,0.0
2014-02-12,0.0
2014-02-13,0.0
2014-02-14,0.0
2014-02-18,0.0
2014-02-19,0.0
2014-02-20,0.0
2014-02-21,0.0
2014-02-24,0.0
2014-02-25,0.0
2014-02-26,0.0
2014-02-27,0.0
2014-02-28,0.0
2014-03-03,0.0
2014-03-04,0.0
2014-03-05,0.0
2014-03-06,0.0
2014-03-07,0.0
2014-03-10,0.0
2014-03-11,0.0
2014-03-12,0.0
2014-03-13,0.0
2014-03-14,0.0
2014-03-17,0.0
2014-03-18,0.0
2014-03-19,0.0
2014-03-20,0.0
2014-03-21,0.0
2014-03-24,0.0
2014-03-25,0.0
2014-03-26,0.0
2014-03-27,0.0
2014-03-28,0.0
2014-03-31,0.0
2014-04-01,0.0
2014-04-02,0.0
2014-04-03,0.0
2014-04-04,0.0
2014-04-07,0.0
2014-04-08,0.0
2014-04-09,0.0
2014-04-10,0.0
2014-04-11,0.0
2014-04-14,0.0
2014-04-15,0.0
2014-04-16,0.0
2014-04-17,0.0
2014-04-21,0.0
2014-04-22,0.0
2014-04-23,0.0
2014-04-24,0.0
2014-04-25,0.0
2014-04-28,0.0
2014-04-29,0.0
2014-04-30,0.0
2014-05-01,0.0
2014-05-02,0.0
2014-05-05,0.0
2014-05-06,0.0
2014-05-07,0.0
2014-05-08,0.0
2014-05-09,0.0
2014-05-12,0.0
2014-05-13,0.0
2014-05-14,0.0
2014-05-15,0.0
2014-05-16,0.0
2014-05-19,0.0
2014-05-20,0.0
2014-05-21,0.0
2014-05-22,0.0
2014-05-23,0.0
2014-05-27,0.0
2014-05-28,0.0
2014-05-29,0.0
2014-05-30,0.0
2014-06-02,0.0
2014-06-03,0.0
2014-06-04,0.0
2014-06-05,0.0
2014-06-06,0.0
2014-06-09,0.0
2014-06-10,0.0
2014-06-11,0.0
2014-06-12,0.0
2014-06-13,0.0
2014-06-16,0.0
2014-06-17,0.0
2014-06-18,0.0
2014-06-19,0.0
2014-06-20,0.0
2014-06-23,0.0
2014-06-24,0.0
2014-06-25,0.0
2014-06-26,0.0
2014-06-27,0.0
2014-06-30,0.0
2014-07-01,0.0
2014-07-02,0.0
2014-07-03,0.0
2014-07-07,0.0
2014-07-08,0.0
2014-07-09,0.0
2014-07-10,0.0
2014-07-11,0.0
2014-07-14,0.0
2014-07-15,0.0
2014-07-16,0.0
2014-07-17,0.0
2014-07-18,0.0
2014-07-21,0.0
2014-07-22,0.0
2014-07-23,0.0
2014-07-24,0.0
2014-07-25,0.0
2014-07-28,0.0
2014-07-29,0.0
2014-07-30,0.0
2014-07-31,0.0
2014-08-01,0.0
2014-08-04,0.0
2014-08-05,0.0
2014-08-06,0.0
2014-08-07,0.0
2014-08-08,0.0
2014-08-11,0.0
2014-08-12,0.0
2014-08-13,0.0
2014-08-14,0.0
2014-08-15,0.0
2014-08-18,0.0
2014-08-19,0.0
2014-08-20,0.0
2014-08-21,0.0
2014-08-22,0.0
2014-08-25,0.0
2014-08-26,0.0
2014-08-27,0.0
2014-08-28,0.0
2014-08-29,0.0
2014-09-02,0.0
2014-09-03,0.0
2014-09-04,0.0
2014-09-05,0.0
2014-09-08,0.0
2014-09-09,0.0
2014-09-10,0.0
2014-09-11,0.0
2014-09-12,0.0
2014-09-15,0.0
2014-09-16,0.0
2014-09-17,0.0
2014-09-18,0.0
2014-09-19,0.0
2014-09-22,0.0
2014-09-23,0.0
2014-09-24,0.0
2014-09-25,0.0
2014-09-26,0.0
2014-09-29,0.0
2014-09-30,0.0
2014-10-01,0.0
2014-10-02,0.0
2014-10-03,0.0
2014-10-06,0.0
2014-10-07,0.0
2014-10-08,0.0
2014-10-09,0.0
2014-10-10,0.0
2014-10-13,0.0
2014-10-14,0.0
2014-10-15,0.0
2014-10-16,0.0
2014-10-17,0.0
2014-10-20,0.0
2014-10-21,0.0
2014-10-22,0.0
2014-10-23,0.0
2014-10-24,0.0
2014-10-27,0.0
2014-10-28,0.0
2014-10-29,0.0
2014-10-30,0.0
2014-10-31,0.0
2014-11-03,0.0
2014-11-04,0.0
2014-11-05,0.0
2014-11-06,0.0
2014-11-07,0.0
2014-11-10,0.0
2014-11-11,0.0
2014-11-12,0.0
2014-11-13,0.0
2014-11-14,0.0
2014-11-17,0.0
2014-11-18,0.0
2014-11-19,0.0
2014-11-20,0.0
2014-11-21,0.0
2014-11-24,0.0
2014-11-25,0.0
2014-11-26,0.0
2014-11-28,0.0
2014-12-01,0.0
2014-12-02,0.0
2014-12-03,0.0
2014-12-04,0.0
2014-12-05,0.0
2014-12-08,0.0
2014-12-09,0.0
2014-12-10,0.0
2014-12-11,0.0
2014-12-12,0.0
2014-12-15,0.0
2014-12-16,0.0
2014-12-17,0.0
2014-12-18,0.0
2014-12-19,0.0
2014-12-22,0.0
2014-12-23,0.0
2014-12-24,0.0
2014-12-26,0.0
2014-12-29,0.0
2014-12-30,0.0
2014-12-31,0.0
2015-01-02,0.0
2015-01-05,-0.0001
2015-01-06,-0.0004158009996900906
2015-01-07,-0.0005609835986861318
2015-01-08,-0.0011225078985792186
2015-01-09,-0.00038112624712319487
2015-01-12,-0.00047049545417142646
2015-01-13,2.2310228307202782e-07
2015-01-14,-0.004405758784473029
2015-01-15,-0.002872586216235723
2015-01-16,0.0008174637859870504
2015-01-20,5.29525307290569e-05
2015-01-21,0.0007788405885379671
2015-01-22,0.005240850038173606
2015-01-23,-0.004111269682980184
2015-01-26,3.0777567547369256e-05
2015-01-27,-0.001539926448046735
2015-01-28,-0.005722068947799629
2015-01-29,-0.0032428313054925382
2015-01-30,-0.003859156490256699
2015-02-02,0.006858819167088114
2015-02-03,0.01074869517339375
2015-02-04,-0.001354173348886096
2015-02-05,0.003023299331522132
2015-02-06,0.0003369988530611755
2015-02-09,0.002216137288317258
2015-02-10,0.0016099098536932004
2015-02-11,-0.0016478546856442983
2015-02-12,0.0016672784748808817
2015-02-13,0.0014181091583937665
2015-02-17,0.0001117909015657358
2015-02-18,-0.0002859773495613712
2015-02-19,-0.0021348278090923883
2015-02-20,0.0013725334366784725
2015-02-23,0.0003496666916840417
2015-02-24,-0.0006959412416281202
2015-02-25,0.0018287286846537763
2015-02-26,-0.0027824023520497776
2015-02-27,0.0008131785298402543
2015-03-02,-0.0005013282324218017
2015-03-03,0.0004822779664890018
2015-03-04,0.0006793356335489234
2015-03-05,-0.0011351856308459464
2015-03-06,0.0029303432364813455
2015-03-09,-0.0038555475211635055
2015-03-10,0.0004905705821118264
2015-03-11,-0.0009885939193702523
2015-03-12,0.00295130723806128
2015-03-13,-0.0004921180511319514
2015-03-16,0.0013815717074819943
2015-03-17,0.0020365532906535325
2015-03-18,-0.0006400885016425245
2015-03-19,0.0007239225686858985
2015-03-20,-0.0012868010596913373
2015-03-23,0.0020992875967692027
2015-03-24,-0.002991588891310022
2015-03-25,-0.00033546508796208257
2015-03-26,9.053412345267457e-05
2015-03-27,0.00028093576409497594
2015-03-30,0.0004760996239186816
2015-03-31,0.000289607358080433
2015-04-01,-0.0019630369329939803
2015-04-02,0.0005082255592256499
2015-04-06,-0.0012488257466853703
2015-04-07,0.0006441863645188131
2015-04-08,0.0013799434443987047
2015-04-09,-0.0003967066263050463
2015-04-10,-0.0003074816993017886
2015-04-13,0.0007254993215611758
2015-04-14,0.0027367887270914634
2015-04-15,0.0009777832791963877
2015-04-16,0.00020323459290110015
2015-04-17,0.0012454348066228726
2015-04-20,0.001057696166762919
2015-04-21,-0.0001770225198571579
2015-04-22,0.0020362085519236234
2015-04-23,-0.00062797516824724
2015-04-24,-0.0001763445611039032
2015-04-27,-0.001862707667803751
2015-04-28,-7.37166887519665e-05
2015-04-29,0.0006408334419576079
2015-04-30,-0.0003487397658189974
2015-05-01,0.0007508544101089785
2015-05-04,-0.000896166681495104
2015-05-05,0.000765639663503059
2015-05-06,0.0005989719243550907
2015-05-07,0.0003166635072021964
2015-05-08,-0.0001490279854479405
2015-05-11,-0.0005579364339801193
2015-05-12,0.0010902806260109257
2015-05-13,-0.0016000591416794104
2015-05-14,-0.0011673469262317242
2015-05-15,-0.0008632585195785922
2015-05-18,0.0006322990751290025
2015-05-19,-0.0001373445735717308
2015-05-20,-0.0015654569836460568
2015-05-21,0.0022449015872368964
2015-05-22,-0.0006801640199148517
2015-05-26,-0.0019322461414654538
2015-05-27,-0.0002332508922047393
2015-05-28,6.810219956276285e-05
2015-05-29,0.00197642841434479
2015-06-01,-0.0014040468740197409
2015-06-02,0.00151719357581408
2015-06-03,0.0005233956823257282
2015-06-04,0.0004024463161210157
2015-06-05,0.0008294239679107858
2015-06-08,-0.0036370733994470867
2015-06-09,-0.000880622322588204
2015-06-10,0.0016527453380365147
2015-06-11,0.00033907936719010715
2015-06-12,-0.0008037840513825768
2015-06-15,0.0011590513310888479
2015-06-16,6.320642885655192e-05
2015-06-17,-0.0023424349371115594
2015-06-18,0.0023602233828905737
2015-06-19,-0.0002556915208455506
2015-06-22,0.0017331466793218992
2015-06-23,0.0005899736240238963
2015-06-24,-0.002682514213953077
2015-06-25,-0.002468003425736341
2015-06-26,0.0015947853299025122
2015-06-29,-0.006912420866850513
2015-06-30,-0.0014153235986603418
2015-07-01,0.0
2015-07-02,0.0
2015-07-06,0.0
2015-07-07,0.0
2015-07-08,0.0
2015-07-09,0.0
2015-07-10,0.0
2015-07-13,0.0
2015-07-14,0.0
2015-07-15,0.0
2015-07-16,0.0
2015-07-17,0.0
2015-07-20,0.0
2015-07-21,0.0
2015-07-22,0.0
2015-07-23,0.0
2015-07-24,0.0
2015-07-27,0.0
2015-07-28,0.0
2015-07-29,0.0
2015-07-30,0.0
2015-07-31,0.0
2015-08-03,0.0
2015-08-04,0.0
2015-08-05,0.0
2015-08-06,0.0
2015-08-07,0.0
2015-08-10,0.0
2015-08-11,0.0
2015-08-12,0.0
2015-08-13,0.0
2015-08-14,0.0
2015-08-17,0.0
2015-08-18,0.0
2015-08-19,0.0
2015-08-20,0.0
2015-08-21,0.0
2015-08-24,0.0
2015-08-25,0.0
2015-08-26,0.0
2015-08-27,0.0
2015-08-28,0.0
2015-08-31,0.0
2015-09-01,0.0
2015-09-02,0.0
2015-09-03,0.0
2015-09-04,0.0
2015-09-08,0.0
2015-09-09,0.0
2015-09-10,0.0
2015-09-11,0.0
2015-09-14,0.0
2015-09-15,0.0
2015-09-16,0.0
2015-09-17,0.0
2015-09-18,0.0
2015-09-21,0.0
2015-09-22,0.0
2015-09-23,0.0
2015-09-24,0.0
2015-09-25,0.0
2015-09-28,0.0
2015-09-29,0.0
2015-09-30,0.0
2015-10-01,0.0
2015-10-02,0.0
2015-10-05,0.0
2015-10-06,0.0
2015-10-07,0.0
2015-10-08,0.0
2015-10-09,0.0
2015-10-12,0.0
2015-10-13,0.0
2015-10-14,0.0
2015-10-15,0.0
2015-10-16,0.0
2015-10-19,0.0
2015-10-20,0.0
2015-10-21,0.0
2015-10-22,0.0
2015-10-23,0.0
2015-10-26,0.0
2015-10-27,0.0
2015-10-28,0.0
2015-10-29,0.0
2015-10-30,0.0
2015-11-02,0.0
2015-11-03,0.0
2015-11-04,0.0
2015-11-05,0.0
2015-11-06,0.0
2015-11-09,0.0
2015-11-10,0.0
2015-11-11,0.0
2015-11-12,0.0
2015-11-13,0.0
2015-11-16,0.0
2015-11-17,0.0
2015-11-18,0.0
2015-11-19,0.0
2015-11-20,0.0
2015-11-23,0.0
2015-11-24,0.0
2015-11-25,0.0
2015-11-27,0.0
2015-11-30,0.0
2015-12-01,0.0
2015-12-02,0.0
2015-12-03,0.0
2015-12-04,0.0
2015-12-07,0.0
2015-12-08,0.0
2015-12-09,0.0
2015-12-10,0.0
2015-12-11,0.0
2015-12-14,0.0
2015-12-15,0.0
2015-12-16,0.0
2015-12-17,0.0
2015-12-18,0.0
2015-12-21,0.0
2015-12-22,0.0
2015-12-23,0.0
2015-12-24,0.0
2015-12-28,0.0
2015-12-29,0.0
2015-12-30,0.0
2015-12-31,0.0
2016-01-04,0.0
2016-01-05,0.0
2016-01-06,0.0
2016-01-07,0.0
2016-01-08,0.0
2016-01-11,0.0
2016-01-12,0.0
2016-01-13,0.0
2016-01-14,0.0
2016-01-15,0.0
2016-01-19,0.0
2016-01-20,0.0
2016-01-21,0.0
2016-01-22,0.0
2016-01-25,0.0
2016-01-26,0.0
2016-01-27,0.0
2016-01-28,0.0
2016-01-29,0.0
2016-02-01,0.0
2016-02-02,0.0
2016-02-03,0.0
2016-02-04,0.0
2016-02-05,0.0
2016-02-08,0.0
2016-02-09,0.0
2016-02-10,0.0
2016-02-11,0.0
2016-02-12,0.0
2016-02-16,0.0
2016-02-17,0.0
2016-02-18,0.0
2016-02-19,0.0
2016-02-22,0.0
2016-02-23,0.0
2016-02-24,0.0
2016-02-25,0.0
2016-02-26,0.0
2016-02-29,0.0
2016-03-01,0.0
2016-03-02,0.0
2016-03-03,0.0
2016-03-04,0.0
2016-03-07,0.0
2016-03-08,0.0
2016-03-09,0.0
2016-03-10,0.0
2016-03-11,0.0
2016-03-14,0.0
2016-03-15,0.0
2016-03-16,0.0
2016-03-17,0.0
2016-03-18,0.0
2016-03-21,0.0
2016-03-22,0.0
2016-03-23,0.0
2016-03-24,0.0
2016-03-28,0.0
2016-03-29,0.0
2016-03-30,0.0
2016-03-31,0.0
2016-04-01,0.0
2016-04-04,0.0
2016-04-05,0.0
2016-04-06,0.0
2016-04-07,0.0
2016-04-08,0.0
2016-04-11,0.0
2016-04-12,0.0
2016-04-13,0.0
2016-04-14,0.0
2016-04-15,0.0
2016-04-18,0.0
2016-04-19,0.0
2016-04-20,0.0
2016-04-21,0.0
2016-04-22,0.0
2016-04-25,0.0
2016-04-26,0.0
2016-04-27,0.0
2016-04-28,0.0
2016-04-29,0.0
2016-05-02,0.0
2016-05-03,0.0
2016-05-04,0.0
2016-05-05,0.0
2016-05-06,0.0
2016-05-09,0.0
2016-05-10,0.0
2016-05-11,0.0
2016-05-12,0.0
2016-05-13,0.0
2016-05-16,0.0
2016-05-17,0.0
2016-05-18,0.0
2016-05-19,0.0
2016-05-20,0.0
2016-05-23,0.0
2016-05-24,0.0
2016-05-25,0.0
2016-05-26,0.0
2016-05-27,0.0
2016-05-31,0.0
2016-06-01,0.0
2016-06-02,0.0
2016-06-03,0.0
2016-06-06,0.0
2016-06-07,0.0
2016-06-08,0.0
2016-06-09,0.0
2016-06-10,0.0
2016-06-13,0.0
2016-06-14,0.0
2016-06-15,0.0
2016-06-16,0.0
2016-06-17,0.0
2016-06-20,0.0
2016-06-21,0.0
2016-06-22,0.0
2016-06-23,0.0
2016-06-24,0.0
2016-06-27,0.0
2016-06-28,0.0
2016-06-29,0.0
2016-06-30,0.0
2016-07-01,0.0
2016-07-05,0.0
2016-07-06,0.0
2016-07-07,0.0
2016-07-08,0.0
2016-07-11,-0.0003333333333333333
2016-07-12,0.0021074458186207024
2016-07-13,0.0002736670381136179
2016-07-14,0.0002647493218493859
2016-07-15,-0.0010981366722416974
2016-07-18,0.0008770980995807128
2016-07-19,-0.0005219030498674093
2016-07-20,-0.0001826749226417887
2016-07-21,0.0008121715046448961
2016-07-22,-0.009013042667047827
2016-07-25,0.010856488265843768
2016-07-26,0.003540063672398635
2016-07-27,0.0054614280956328835
2016-07-28,0.004600039393267952
2016-07-29,0.014523280381373361
2016-08-01,0.0034232942181919575
2016-08-02,-0.001275284039526622
2016-08-03,0.0008236171344009193
2016-08-04,-0.007099113109060109
2016-08-05,0.0004899005495526287
2016-08-08,0.00035954626538114276
2016-08-09,-0.0010594255456108186
2016-08-10,-0.00013439520485132844
2016-08-11,0.013970484577502747
2016-08-12,-0.011683200915461158
2016-08-15,0.0031816503596424814
2016-08-16,0.001653346323788836
2016-08-17,-0.0025715780039525364
2016-08-18,0.00046523137693963145
2016-08-19,-0.0012872797636852079
2016-08-22,-0.002740177978552673
2016-08-23,0.002030750269751289
2016-08-24,0.0030323555785146078
2016-08-25,0.003286225079840262
2016-08-26,0.003214642016537607
2016-08-29,-0.00037421467749695615
2016-08-30,-5.448844251180906e-05
2016-08-31,-0.0010667171486137608
2016-09-01,0.00039096866554173983
2016-09-02,-0.0008657671373296779
2016-09-06,0.0005402453629343429
2016-09-07,0.0034901802610404187
2016-09-08,-0.0039850835824748595
2016-09-09,-0.001765877471749293
2016-09-12,0.00032586850402493826
2016-09-13,0.0012491224402497595
2016-09-14,0.0019143054298373836
2016-09-15,-0.0042006711130971935
2016-09-16,-0.0060209350689266194
2016-09-19,0.0015429068114549318
2016-09-20,0.0005597937283855401
2016-09-21,-0.0006764314909462012
2016-09-22,-0.0004438708258772274
2016-09-23,0.001648060793284302
2016-09-26,1.0732947728664342e-05
2016-09-27,-0.0025898956375704956
2016-09-28,2.7016935292060095e-05
2016-09-29,0.0018963029552267804
2016-09-30,0.002691301044630001
2016-10-03,0.0028975499068288426
2016-10-04,0.0005286183171579929
2016-10-05,0.003983078076058268
2016-10-06,0.001528316111461091
2016-10-07,0.0013851674859936582
2016-10-10,-0.000958096116689862
2016-10-11,0.005033302257274536
2016-10-12,0.006354516347576646
2016-10-13,0.00016903666710038333
2016-10-14,-0.002057549569212439
2016-10-17,0.003927597993291205
2016-10-18,-0.010804635798192097
2016-10-19,0.0016635237419313897
2016-10-20,0.00018303259648369029
2016-10-21,0.0007313592534090794
2016-10-24,-0.0011819950426077827
2016-10-25,0.00013820279267585828
2016-10-26,0.0015096145235988694
2016-10-27,0.0013778437459046851
2016-10-28,-0.000737521309443696
2016-10-31,0.008245904651041818
2016-11-01,0.0031637939986747985
2016-11-02,-0.00510949797211994
2016-11-03,0.0007379987703996987
2016-11-04,-0.007873707309920085
2016-11-07,-0.008323614550194092
2016-11-08,-0.005179173616819459
2016-11-09,-0.006154717569988282
2016-11-10,0.014225733886193194
2016-11-11,0.004396058717701269
2016-11-14,-0.0013559360795479252
2016-11-15,-0.003439619198403006
2016-11-16,-0.0033580823356956766
2016-11-17,-0.003489324781321423
2016-11-18,0.002761664367539467
2016-11-21,0.0010841329424393497
2016-11-22,-0.006918874366190451
2016-11-23,0.0006807750552350364
2016-11-25,0.001542988208068934
2016-11-28,0.0014831299434087673
2016-11-29,-0.0034707769656323905
2016-11-30,0.007812223083997612
2016-12-01,0.004318399140243211
2016-12-02,-0.0014794429968554585
2016-12-05,-0.0011203357144453487
2016-12-06,-0.007636005353623726
2016-12-07,0.0016787279149181485
2016-12-08,0.0019884438172339098
2016-12-09,-0.00024284412816280836
2016-12-12,0.0021336755584352323
2016-12-13,-0.002260096207755996
2016-12-14,0.0026474510384942363
2016-12-15,1.828571907145007e-05
2016-12-16,-0.014548524588231977
2016-12-19,-0.0028465004946265286
2016-12-20,0.004453127527786143
2016-12-21,-0.00033464025759235216
2016-12-22,-0.00468445056742885
2016-12-23,-0.0039644334107791805
2016-12-27,-0.002208762782957516
2016-12-28,0.0038521014102780257
2016-12-29,0.0036896590517983443
2016-12-30,0.002393718812679599
2017-01-03,0.0
2017-01-04,0.0
2017-01-05,0.0
2017-01-06,0.0
2017-01-09,0.0
2017-01-10,0.0
2017-01-11,-0.00025
2017-01-12,0.001650292358891655
2017-01-13,-5.116635845414826e-05
2017-01-17,0.0029213834189670365
2017-01-18,0.0012415766266893064
2017-01-19,0.0013890220561518253
2017-01-20,0.0006772821897472235
2017-01-23,0.0
2017-01-24,0.0
2017-01-25,0.0
2017-01-26,0.0
2017-01-27,0.0
2017-01-30,0.0
2017-01-31,0.0
2017-02-01,-0.00025
2017-02-02,0.0008480077200651319
2017-02-03,-0.0014735329549049859
2017-02-06,-0.0006278810496747727
2017-02-07,-0.005328635390509718
2017-02-08,0.0034872563609397106
2017-02-09,-0.0004504749666256649
2017-02-10,0.001426268965746756
2017-02-13,0.0002370290715888402
2017-02-14,0.0008851472257898798
2017-02-15,-0.0040653293376246465
2017-02-16,0.0016795354235150943
2017-02-17,-0.0020972464814364737
2017-02-21,-0.0002779099750783602
2017-02-22,-0.0011092724847704613
2017-02-23,0.004842925581824545
2017-02-24,-0.010359671716592403
2017-02-27,-0.004156731513670428
2017-02-28,0.003654894489273328
2017-03-01,0.0009416842433472286
2017-03-02,0.000855146882836417
2017-03-03,-0.0009959412756554212
2017-03-06,0.0007006917964423208
2017-03-07,-0.0020791778236812046
2017-03-08,-0.005298717195182559
2017-03-09,0.0011141922365286005
2017-03-10,-0.002855506041101047
2017-03-13,-0.0017148815563629675
2017-03-14,0.0004570752996217598
2017-03-15,-0.00047395031784570017
2017-03-16,0.00019063051029158526
2017-03-17,0.0006787701494230326
2017-03-20,-0.001609582442180614
2017-03-21,0.0015941761958303702
2017-03-22,-0.0018120057501385834
2017-03-23,-0.0005789779690743546
2017-03-24,-0.0013536737932634
2017-03-27,0.0006401262959438537
2017-03-28,0.001738349134887505
2017-03-29,0.004347904188230186
2017-03-30,-0.006145098422433016
2017-03-31,-0.0009043777650239594
2017-04-03,-0.0004621152288552914
2017-04-04,0.003472842938939651
2017-04-05,0.001964419260919381
2017-04-06,0.00015848363447141102
2017-04-07,0.0038518525302431083
2017-04-10,0.0012103759948235392
2017-04-11,-0.0007650614723882709
2017-04-12,-0.0012108332125240942
2017-04-13,-0.004263324554458503
2017-04-17,-0.002227578033339682
2017-04-18,0.001019788527884178
2017-04-19,-0.004718204246086215
2017-04-20,0.004121661494971314
2017-04-21,-0.0019141483163764076
2017-04-24,-0.005108970826531102
2017-04-25,-0.00020874161785049155
2017-04-26,0.0003647414022892349
2017-04-27,-0.0035886708452421323
2017-04-28,-1.1423308674480062e-06
2017-05-01,-0.002221363634254854
2017-05-02,-0.003934783702338758
2017-05-03,0.00023475105083529848
2017-05-04,-0.0014666324142643245
2017-05-05,0.0010886195777691128
2017-05-08,-0.0020936139825743437
2017-05-09,-0.0016204566997043658
2017-05-10,0.002272843018667107
2017-05-11,-0.0024584399418102216
2017-05-12,-0.0015603772937193123
2017-05-15,0.0010615433770433571
2017-05-16,-0.0005868592626400858
2017-05-17,0.005759241502911667
2017-05-18,0.001404207340624364
2017-05-19,-0.004317784505092859
2017-05-22,0.0020612591231962546
2017-05-23,-0.005183311402442299
2017-05-24,-0.002798571951027739
2017-05-25,0.0002564543244846203
2017-05-26,0.0006426499386030399
2017-05-30,-0.0075220527286535485
2017-05-31,0.005259277043532519
2017-06-01,-0.009185916691060995
2017-06-02,-0.0028204903539921907
2017-06-05,0.0029124135195849575
2017-06-06,0.005183458931522443
2017-06-07,-0.0037256877020730695
2017-06-08,-0.002387367332078759
2017-06-09,0.006622104189164904
2017-06-12,-0.002129262389271149
2017-06-13,0.0008713047496298592
2017-06-14,0.0021495319264998305
2017-06-15,-0.001356445671356076
2017-06-16,1.9710015452705128e-05
2017-06-19,-0.006068874982311618
2017-06-20,-0.003263680852480433
2017-06-21,-0.0009470985620342581
2017-06-22,-0.002871100365850722
2017-06-23,0.0034761510194132386
2017-06-26,-0.0024950745027788636
2017-06-27,0.0008382316781204422
2017-06-28,-0.0014084330454079744
2017-06-29,0.0011040067917543468
2017-06-30,-0.0003678801588300469
2017-07-03,0.0
2017-07-05,0.0
2017-07-06,0.0
2017-07-07,0.0
2017-07-10,0.0
2017-07-11,0.0
2017-07-12,0.0
2017-07-13,0.0
2017-07-14,0.0
2017-07-17,-5e-05
2017-07-18,0.0002973923023959611
2017-07-19,-0.0002474856404418477
2017-07-20,0.0009271151815317227
2017-07-21,-0.000288407365315697
2017-07-24,-0.00034237219303411123
2017-07-25,0.00022225001507073487
2017-07-26,-0.00047655894987200486
2017-07-27,-9.927217245308678e-05
2017-07-28,-0.00016332126344281787
2017-07-31,0.0005457610631329063
2017-08-01,-0.0007321213531389574
2017-08-02,0.0021019815453109693
2017-08-03,8.505716783030361e-06
2017-08-04,-0.0012116391127782768
2017-08-07,0.0016876351827035652
2017-08-08,-0.003702197567258625
2017-08-09,-0.00025392004942304555
2017-08-10,-0.0024113362147320933
2017-08-11,0.002281289929986036
2017-08-14,0.0018874191706052148
2017-08-15,4.459655921783309e-05
2017-08-16,0.003100038262569376
2017-08-17,-0.0005801459472675255
2017-08-18,0.00015456758565331045
2017-08-21,0.000608907957274385
2017-08-22,0.0052807070593692915
2017-08-23,-0.002258189958658392
2017-08-24,0.0005067048352067597
2017-08-25,-0.0006643605811571514
2017-08-28,0.00041269869720073017
2017-08-29,-0.001567985311086529
2017-08-30,0.0005816158100258202
2017-08-31,0.004877060648579216
2017-09-01,-0.0003772090841893773
2017-09-05,0.0005527498258313086
2017-09-06,0.0033920193574099484
2017-09-07,0.0035616482472927346
2017-09-08,0.003221001613088749
2017-09-11,0.00028502475966843887
2017-09-12,-0.0001163339489562138
2017-09-13,0.0002479875078676173
2017-09-14,0.00026941176388329874
2017-09-15,0.001230572207206584
2017-09-18,-9.993931179932141e-05
2017-09-19,0.00044286199535174456
2017-09-20,0.0005991870333564225
2017-09-21,-0.00028858519969181886
2017-09-22,-0.00019061701599087336
2017-09-25,0.0001350880318029733
2017-09-26,0.0007434961744519181
2017-09-27,0.0007399837035433769
2017-09-28,0.00037040964208007393
2017-09-29,-0.0005273489691783407
2017-10-02,-0.0006604453224571033
2017-10-03,0.00017555783348021013
2017-10-04,-0.0009652734209663107
2017-10-05,-0.0003746612753444107
2017-10-06,-0.0006957582874229302
2017-10-09,-3.718633071381769e-05
2017-10-10,-0.00042184874945706683
2017-10-11,-0.0001877358690824999
2017-10-12,-0.0017903260028279966
2017-10-13,0.0008755781295194576
2017-10-16,-0.0009405071766405284
2017-10-17,0.003446607158669096
2017-10-18,-0.001405579811680833
2017-10-19,-0.0033688591475766034
2017-10-20,-0.00041471331334684965
2017-10-23,-0.0008897463016991084
2017-10-24,-0.0008390344641972435
2017-10-25,0.00018372322451339928
2017-10-26,-0.002147247523483571
2017-10-27,-0.0018160900644858095
2017-10-30,0.0009851474031755776
2017-10-31,-0.0014947537873481354
2017-11-01,-0.0025361085476867293
2017-11-02,0.00012669850351384985
2017-11-03,-0.0015606824511668668
2017-11-06,0.002670448799233124
2017-11-07,-0.002378251101677355
2017-11-08,0.0008439457567631531
2017-11-09,0.001536703022268064
2017-11-10,0.0032026674082212348
2017-11-13,-0.0041746310201657075
2017-11-14,0.000771373853539742
2017-11-15,0.0015469538227909255
2017-11-16,-0.004042884401157166
2017-11-17,0.0009731995978217127
2017-11-20,-0.003002867690751882
2017-11-21,-0.0008029046083741543
2017-11-22,0.002038959168563162
2017-11-24,-0.0007621008580886903
2017-11-27,-0.00041516392079335755
2017-11-28,0.0007629465375599522
2017-11-29,0.0025451369250989236
2017-11-30,-0.0004979211334869713
2017-12-01,0.0010605144108009035
2017-12-04,0.003779761794619324
2017-12-05,-0.0023723557217110954
2017-12-06,0.00043549464202239675
2017-12-07,0.0006644155997676201
2017-12-08,-0.0016474665174138405
2017-12-11,-0.00025711142370882776
2017-12-12,-0.003038764333062496
2017-12-13,-0.0008398737683668408
2017-12-14,0.0043910522501968904
2017-12-15,-0.0031891005737082713
2017-12-18,-0.00098955906102734
2017-12-19,-0.0014532659115494841
2017-12-20,-0.003484744436846625
2017-12-21,-0.0005647684005472143
2017-12-22,0.0025433384406273194
2017-12-26,-8.80441120070304e-06
2017-12-27,-0.0009527422719434713
2017-12-28,3.067525821855662e-05
2017-12-29,0.0021194168607643984
2018-01-02,0.0
2018-01-03,0.0
2018-01-04,0.0
2018-01-05,-0.0003333333333333333
2018-01-08,0.0028559264975619066
2018-01-09,-0.006052226117548398
2018-01-10,0.00042627043831690477
2018-01-11,0.0016935055875259934
2018-01-12,-0.002337458909283583
2018-01-16,0.006053956985653535
2018-01-17,0.0002559985941372258
2018-01-18,0.0007722102095913514
2018-01-19,0.0015701430188783956
2018-01-22,0.0028237715480278415
2018-01-23,0.005943100304488546
2018-01-24,-0.0019916840813553115
2018-01-25,0.0019996013700258855
2018-01-26,-0.0009844090773044284
2018-01-29,0.00031356710985640186
2018-01-30,-0.0002943629532289063
2018-01-31,0.00568169398148468
2018-02-01,0.0045827082788488975
2018-02-02,0.002869264570069209
2018-02-05,-0.0023011054362132633
2018-02-06,-0.0033337998682711405
2018-02-07,0.0016614482873564477
2018-02-08,-0.004858644903575784
2018-02-09,0.009504322248934305
2018-02-12,-0.000450744787963741
2018-02-13,0.005133169634153672
2018-02-14,-0.005383579930765682
2018-02-15,0.004623608685738064
2018-02-16,-0.0018722487211071447
2018-02-20,-0.003335498477641884
2018-02-21,0.002681007252653529
2018-02-22,0.009206423598202331
2018-02-23,-0.0003333333333333333
2018-02-26,3.850232063655804e-05
2018-02-27,0.0025642865217230383
2018-02-28,-0.001821009845009781
2018-03-01,-0.0003297167838168874
2018-03-02,0.0030282778531659817
2018-03-05,-0.002279452778016003
2018-03-06,0.0016567627102035017
2018-03-07,-0.0006514053008491477
2018-03-08,-0.002737249499280078
2018-03-09,-0.0020062873731855144
2018-03-12,0.0050510125820197715
2018-03-13,-0.0002623948535386878
2018-03-14,0.0020040631318636827
2018-03-15,-0.003929354218082209
2018-03-16,0.0033173575742689223
2018-03-19,0.0036386555319007706
2018-03-20,-0.0036908317810569725
2018-03-21,0.006027712166427151
2018-03-22,0.0019066799093664163
2018-03-23,0.0056973730264671335
2018-03-26,-0.0024835249987797026
2018-03-27,-0.003265044882903405
2018-03-28,-0.005931562578737144
2018-03-29,0.0024680305251223726
2018-04-02,0.002710119919835918
2018-04-03,-0.0022911537707963185
2018-04-04,0.004523522136041654
2018-04-05,0.002396456769132717
2018-04-06,0.0005158348440617326
2018-04-09,-0.0013518538567769212
2018-04-10,-0.003480116532375408
2018-04-11,-0.0020181467589539784
2018-04-12,0.00913644559052522
2018-04-13,-0.007784733703134937
2018-04-16,1.0372266591422217e-05
2018-04-17,-0.007477682676104582
2018-04-18,-0.0017905087154682874
2018-04-19,0.004312638520201592
2018-04-20,0.004941909740411385
2018-04-23,0.002892755637099629
2018-04-24,-0.0013350362595106176
2018-04-25,0.007497395940358077
2018-04-26,-0.00940471258759788
2018-04-27,-0.007792438742757796
2018-04-30,-0.0031706731161290544
2018-05-01,-0.0030258452005507068
2018-05-02,0.0010412150299615498
2018-05-03,-0.006917244163521405
2018-05-04,-0.004231289175019995
2018-05-07,-0.014915795822435277
2018-05-08,0.002138588860075163
2018-05-09,-0.010405620941332358
2018-05-10,-0.0030398736790398146
2018-05-11,0.0007379062245286236
2018-05-14,0.0009991717663770966
2018-05-15,-0.0010046990634322722
2018-05-16,-0.0018575807652147479
2018-05-17,0.002693242483437302
2018-05-18,0.001728492600246005
2018-05-21,-0.001979724081136765
2018-05-22,-0.0045345332848102
2018-05-23,-0.0041883250209189165
2018-05-24,-0.00449000321342912
2018-05-25,0.004682980846590998
2018-05-29,-0.0029196828229166964
2018-05-30,-0.011411407795102198
2018-05-31,0.0007463692086864824
2018-06-01,-0.0011591131038393998
2018-06-04,-0.014621515529387155
2018-06-05,0.00765214484528249
2018-06-06,0.0010499399588406045
2018-06-07,0.003582237437703342
2018-06-08,0.005236409718614725
2018-06-11,-0.004644865951856292
2018-06-12,-0.005004546078131579
2018-06-13,0.0007532496901409801
2018-06-14,-0.00872405842090869
2018-06-15,0.002433564412028632
2018-06-18,-0.006174896306793578
2018-06-19,-0.005655881094570842
2018-06-20,-0.0043267756522663734
2018-06-21,-0.014081381858224164
2018-06-22,0.0016385554632784172
2018-06-25,-0.0018024711476851147
2018-06-26,-0.0025138688516405066
2018-06-27,0.007053708549864928
2018-06-28,-0.004272712997395618
2018-06-29,0.002689456281379642
2018-07-02,0.0
2018-07-03,0.0
2018-07-05,0.0
2018-07-06,0.0
2018-07-09,-0.0002
2018-07-10,0.0011609886920918636
2018-07-11,0.0015551432816995636
2018-07-12,0.0005483887143046286
2018-07-13,-0.0009243926907605724
2018-07-16,0.0011259006930800322
2018-07-17,-0.0015771320120724908
2018-07-18,0.0009085280687019337
2018-07-19,-0.004290360469966304
2018-07-20,3.459672579917642e-05
2018-07-23,7.173031216215903e-05
2018-07-24,0.0024318761468448157
2018-07-25,0.0011515409745424042
2018-07-26,-0.003150538013237343
2018-07-27,8.3730601185821e-05
2018-07-30,-0.0032980603157295287
2018-07-31,0.00313926300733689
2018-08-01,-0.0010881097272035251
2018-08-02,-0.0018848261053782533
2018-08-03,-0.006403735319941789
2018-08-06,0.0007023218221389781
2018-08-07,0.000516676931430874
2018-08-08,-0.0012400338662809179
2018-08-09,-0.0017941486843057678
2018-08-10,-0.0021427906815758777
2018-08-13,0.005573503259735558
2018-08-14,-0.0014741303492331746
2018-08-15,-0.002537736796610791
2018-08-16,-0.006799492134263957
2018-08-17,-0.002504680331974154
2018-08-20,-0.0014736112643785543
2018-08-21,0.002057091695954304
2018-08-22,-0.0004841692732413513
2018-08-23,-0.0011931062720108286
2018-08-24,-0.0023312247421705965
2018-08-27,0.0026161542698666983
2018-08-28,0.0012112208855968806
2018-08-29,-0.002318512496231529
2018-08-30,0.0009512633019739414
2018-08-31,-0.0035563692116791683
2018-09-04,-0.0024340328510054536
2018-09-05,0.0004124294557474004
2018-09-06,-0.0008279364390990348
2018-09-07,-0.002278011112718011
2018-09-10,0.0002194135630141006
2018-09-11,-0.0012369329982054543
2018-09-12,-0.0010764099928561436
2018-09-13,-0.002265812203922691
2018-09-14,0.003535888106661582
2018-09-17,0.002650848557767637
2018-09-18,-0.0016126451458796562
2018-09-19,0.0022079165271508745
2018-09-20,-0.00456629169187346
2018-09-21,-0.003800370937104597
2018-09-24,0.0022428024419591753
2018-09-25,-0.001443409582010643
2018-09-26,-0.0035754974487008755
2018-09-27,-0.0018590903630905649
2018-09-28,-0.008668155360902702
2018-10-01,0.002311880288266865
2018-10-02,-7.462249691245577e-05
2018-10-03,0.0031960304266669846
2018-10-04,0.005227646242856247
2018-10-05,-0.0034601684968404455
2018-10-08,-0.0020930212982168362
2018-10-09,-0.0036036381581274523
2018-10-10,0.006396822980293334
2018-10-11,0.006078296570632845
2018-10-12,-0.0030422929814506255
2018-10-15,-0.0031090171575846337
2018-10-16,-0.007516651839895044
2018-10-17,0.013133069055199545
2018-10-18,-0.0014337821746616697
2018-10-19,-0.00866408691558625
2018-10-22,-0.002897343211481282
2018-10-23,-0.0006089573531939335
2018-10-24,0.0012103019286992586
2018-10-25,-0.0016208927817590827
2018-10-26,-0.0009732559927801262
2018-10-29,-0.006026078474916964
2018-10-30,-0.006239368016131732
2018-10-31,0.004814131803577192
2018-11-01,0.0054196184984618935
2018-11-02,-0.005727670753942842
2018-11-05,-0.0021946819568300266
2018-11-06,0.0015431936274131757
2018-11-07,-0.0023043388925528536
2018-11-08,-0.0018534444458574704
2018-11-09,-0.006689311483277695
2018-11-12,-0.006217162786406792
2018-11-13,-0.0009355574493742673
2018-11-14,-0.0018227511267187948
2018-11-15,0.0023501756136066975
2018-11-16,-0.0024155823492984434
2018-11-19,-0.0023497354199370963
2018-11-20,0.007534231120733871
2018-11-21,0.0026905493687578753
2018-11-23,-0.005076366804827944
2018-11-26,0.0023701519379153045
2018-11-27,0.0006971188970857657
2018-11-28,0.001307551163800313
2018-11-29,0.005694235884620359
2018-11-30,0.0031871600484371307
2018-12-03,-0.0009019263901914737
2018-12-04,-0.008411479281535019
2018-12-06,-0.002215889233977837
2018-12-07,-0.0008938360605930312
2018-12-10,-0.004292686444789745
2018-12-11,-0.010368487056326935
2018-12-12,-0.002433576658790908
2018-12-13,-0.007842611664168728
2018-12-14,0.0031877305911166163
2018-12-17,0.00994355782638016
2018-12-18,0.004881315487641998
2018-12-19,0.0009477955013522032
2018-12-20,0.004672202018804373
2018-12-21,0.003933414927860425
2018-12-24,0.007047576925987543
2018-12-26,-0.008294201580693661
2018-12-27,-0.001721717853373795
2018-12-28,0.0015305493051349036
2018-12-31,-0.005415121720429703
2019-01-02,0.0
2019-01-03,0.0
2019-01-04,0.0
2019-01-07,-0.001
2019-01-08,0.0006775248350204374
2019-01-09,0.021067634073492734
2019-01-10,-0.0003475936675865404
2019-01-11,-0.008609524529069896
2019-01-14,0.0
2019-01-15,0.0
2019-01-16,0.0
2019-01-17,-0.001
2019-01-18,-0.001072725015377942
2019-01-22,0.0024608214581154936
2019-01-23,0.0007846951675570309
2019-01-24,-0.0017788164549278015
2019-01-25,0.01958167557712713
2019-01-28,0.0
2019-01-29,0.0
2019-01-30,0.0
2019-01-31,-0.001
2019-02-01,0.020262573477732262
2019-02-04,0.0
2019-02-05,0.0
2019-02-06,0.0
2019-02-07,0.0
2019-02-08,0.0
2019-02-11,0.0
2019-02-12,0.0
2019-02-13,0.0
2019-02-14,0.0
2019-02-15,0.0
2019-02-19,0.0
2019-02-20,0.0
2019-02-21,0.0
2019-02-22,0.0
2019-02-25,0.0
2019-02-26,0.0
2019-02-27,0.0
2019-02-28,0.0
2019-03-01,0.0
2019-03-04,0.0
2019-03-05,0.0
2019-03-06,-0.001
2019-03-07,0.0013591277208665278
2019-03-08,-0.0016254900345795387
2019-03-11,-0.006154490384529469
2019-03-12,0.0012459634747064748
2019-03-13,0.0023322337860953862
2019-03-14,-0.005505635347663352
2019-03-15,-0.005184638965407086
2019-03-18,0.002839822620669354
2019-03-19,0.0037698860530094224
2019-03-20,0.008023230339007618
2019-03-21,-0.0016593531561620014
2019-03-22,-0.001596656363013477
2019-03-25,0.0012188767600825844
2019-03-26,-0.0051229705844117734
2019-03-27,-0.0027022126767091504
2019-03-28,0.001657537763272084
2019-03-29,-0.00021089278903909606
2019-04-01,-0.0004824103622298346
2019-04-02,-0.0016354391310605804
2019-04-03,-0.002338770928240034
2019-04-04,-0.00121281738237236
2019-04-05,0.0038532388601978823
2019-04-08,0.001486415365706052
2019-04-09,0.001709983696132175
2019-04-10,0.0005824377886530343
2019-04-11,0.001729215398609173
2019-04-12,-0.007867278674052049
2019-04-15,-0.00721936371083666
2019-04-16,-0.010302229734017504
2019-04-17,-0.02826636955783447
2019-04-18,0.003412606601358112
2019-04-22,-0.030653298693295753
2019-04-23,0.0031195041758428797
2019-04-24,0.0068948501375584925
2019-04-25,0.009421850252524813
2019-04-26,-0.005908473999872019
2019-04-29,-0.011385147954024687
2019-04-30,-0.0007733144506487408
2019-05-01,-0.005129839331340893
2019-05-02,0.010236489624881408
2019-05-03,0.0013703817607324722
2019-05-06,-0.0004379534447674231
2019-05-07,-0.006500314648454432
2019-05-08,0.0016229022402938394
2019-05-09,0.00379561471440347
2019-05-10,-0.003934730870727532
2019-05-13,-0.0013903549597474134
2019-05-14,-0.003409889929982148
2019-05-15,-0.007926190325567082
2019-05-16,-0.006236258501889556
2019-05-17,0.0014717122743678126
2019-05-20,-0.003592784830950059
2019-05-21,-0.001118447648837645
2019-05-22,0.0001641587707802237
2019-05-23,-1.15155681834761e-05
2019-05-24,-0.0017432108709260125
2019-05-28,-0.008462291850870433
2019-05-29,0.00416067136141713
2019-05-30,0.004459353120981917
2019-05-31,-0.005554358861951578
2019-06-03,0.0042302621558565
2019-06-04,0.00048244621222458955
2019-06-05,-0.001941394407089063
2019-06-06,-0.005282593439866359
2019-06-07,0.0005275069218912461
2019-06-10,0.0060111164009011816
2019-06-11,-0.0007836725082451341
2019-06-12,-0.008189990723740805
2019-06-13,0.010748660217150562
2019-06-14,-0.00848920332539381
2019-06-17,0.009012560059422215
2019-06-18,0.009080255554569903
2019-06-19,-0.001220293565426594
2019-06-20,-0.0018213814598537145
2019-06-21,-0.0034791526253621884
2019-06-24,-0.002506450424716765
2019-06-25,0.004661570071269752
2019-06-26,-0.004638197615003933
2019-06-27,0.0026241409139658276
2019-06-28,-0.003603492018457508
2019-07-01,0.0
2019-07-02,0.0
2019-07-03,0.0
2019-07-05,0.0
2019-07-08,0.0
2019-07-09,0.0
2019-07-10,0.0
2019-07-11,0.0
2019-07-12,0.0
2019-07-15,0.0
2019-07-16,0.0
2019-07-17,-0.001
2019-07-18,-0.0011185627379897277
2019-07-19,-0.005390164509997708
2019-07-22,-0.0014928156647450856
2019-07-23,0.007695340264895374
2019-07-24,0.005555088107280628
2019-07-25,0.004477132527249871
2019-07-26,-0.005550965172360367
2019-07-29,-0.006754699286675176
2019-07-30,-0.011921959851056735
2019-07-31,0.007301478829202854
2019-08-01,0.004985364493765557
2019-08-02,5.00600513060113e-05
2019-08-05,0.009488804437388535
2019-08-06,-0.006571728561211776
2019-08-07,-0.009570768425101179
2019-08-08,0.02159625669924834
2019-08-09,0.003595182235578306
2019-08-12,-0.006547418714652838
2019-08-13,-0.0074853879685466826
2019-08-14,-0.016105422332210656
2019-08-15,0.0028061659677499446
2019-08-16,-0.0030059184139389476
2019-08-19,-0.005020064602364954
2019-08-20,0.003574394293338013
2019-08-21,-0.004367818607138927
2019-08-22,-0.005757765006747518
2019-08-23,-0.008632654863065926
2019-08-26,-0.0068160940343074405
2019-08-27,-0.004181312222670313
2019-08-28,-0.0013043536770986756
2019-08-29,0.009444174699253655
2019-08-30,0.004211273850225642
2019-09-03,-0.01843428783525049
2019-09-04,0.0020464736946581123
2019-09-05,0.004734122975161789
2019-09-06,-0.00652095157901343
2019-09-09,0.0001032568233330566
2019-09-10,0.01680122725981697
2019-09-11,0.017748485431254866
2019-09-12,-0.017531659988521235
2019-09-13,-2.502181753172121e-06
2019-09-16,0.0033981805648325867
2019-09-17,0.0061731475659298
2019-09-18,0.0011650122003408904
2019-09-19,-0.008720373811912117
2019-09-20,-0.0072277809142145995
2019-09-23,-0.007199434199068553
2019-09-24,-0.005156951038662635
2019-09-25,0.002897542457151779
2019-09-26,0.00016728993008529452
2019-09-27,-0.0055328637381496446
2019-09-30,0.007387204199844347
2019-10-01,-0.004057076658486866
2019-10-02,0.006938886265952841
2019-10-03,0.007830354153249565
2019-10-04,-0.0001721820860455638
2019-10-07,0.0013304816002755369
2019-10-08,-0.004838332905185495
2019-10-09,-0.00010850245908304752
2019-10-10,0.011415721562664849
2019-10-11,0.006501777855501259
2019-10-14,-0.004791691967861391
2019-10-15,0.013000983122512562
2019-10-16,0.00045342747786049874
2019-10-17,0.00035854207627884825
2019-10-18,-0.003282576710303817
2019-10-21,-0.007908465473870111
2019-10-22,-0.010389680152205975
2019-10-23,-0.0005867915013237426
2019-10-24,-0.00453906575381207
2019-10-25,0.0011816463593494744
2019-10-28,0.002101931631133758
2019-10-29,-0.0006229866010214402
2019-10-30,0.0007296821109006998
2019-10-31,0.006778177865055269
2019-11-01,0.0032221703916008385
2019-11-04,0.010006511247299264
2019-11-05,0.003883618519972966
2019-11-06,-0.0022403410855303986
2019-11-07,0.03522111315307107
2019-11-08,-0.012484942761224591
2019-11-11,-0.002798115313091609
2019-11-12,0.004340297895789859
2019-11-13,0.0009114257063822448
2019-11-14,0.010138133291040538
2019-11-15,0.00023858395880316854
2019-11-18,0.0018514057151114913
2019-11-19,-0.001552277941247292
2019-11-20,0.003151038728415049
2019-11-21,0.00875697355205032
2019-11-22,-0.0060120830021956105
2019-11-25,0.00671191655282378
2019-11-26,-0.0008054408848304244
2019-11-27,0.004798698256519242
2019-11-29,0.0
2019-12-02,0.0
2019-12-03,0.0
2019-12-04,0.0
2019-12-05,-0.001
2019-12-06,0.0034356705112531067
2019-12-09,-0.004294496766860884
2019-12-10,0.001476493374961379
2019-12-11,-0.007847114510026763
2019-12-12,-0.0006823138254888367
2019-12-13,-0.0034821839237925657
2019-12-16,0.002467763833156272
2019-12-17,0.0006563783381725219
2019-12-18,-0.0018964543929789685
2019-12-19,-0.003933593765843862
2019-12-20,0.00526319231315032
2019-12-23,0.0003864573221444669
2019-12-24,-0.004279060644306538
2019-12-26,0.0033808253709114756
2019-12-27,-0.0025705907299688755
2019-12-30,0.006135633738716426
2019-12-31,-0.0008964438905255422
2020-01-02,0.0
2020-01-03,0.0
2020-01-06,0.0
2020-01-07,0.0
2020-01-08,0.0
2020-01-09,-0.0005
2020-01-10,0.0012707371301696063
2020-01-13,-0.003046050525517848
2020-01-14,0.0013773297287586318
2020-01-15,-0.00023907484758689968
2020-01-16,-0.0018950502226828545
2020-01-17,-0.004161627297290589
2020-01-21,-0.0005827652494252503
2020-01-22,0.004629527386658221
2020-01-23,0.0006855396889283498
2020-01-24,0.004017547058825627
2020-01-27,0.0021320243025279148
2020-01-28,-0.002761120306919466
2020-01-29,0.004272354530297802
2020-01-30,0.0004348987352136395
2020-01-31,0.007149659124076651
2020-02-03,0.001038780851895558
2020-02-04,-0.004502146331245436
2020-02-05,0.002080136015488529
2020-02-06,0.0013975470267432667
2020-02-07,0.0006236255593599868
2020-02-10,-0.005810845077469092
2020-02-11,0.0008342560358737127
2020-02-12,-0.0031054980866140726
2020-02-13,-0.003964704259773327
2020-02-14,-0.0012989858695215159
2020-02-18,-0.0006202131341154886
2020-02-19,-0.0042259912737484355
2020-02-20,0.0063330947132198305
2020-02-21,0.007141131889129625
2020-02-24,0.007632315312510313
2020-02-25,0.008455981940748196
2020-02-26,0.0055255164997038315
2020-02-27,-0.0034534856088961115
2020-02-28,-0.011018469398205031
2020-03-02,-0.0020391357026132875
2020-03-03,0.018194037058008247
2020-03-04,-0.004895721117866801
2020-03-05,0.010217024745763775
2020-03-06,0.002438237861301204
2020-03-09,0.010601010721946184
2020-03-10,-0.02875916174697656
2020-03-11,0.005043560451641248
2020-03-12,0.008980416014132925
2020-03-13,-0.01536963542136121
2020-03-16,0.025919898929642672
2020-03-17,-0.004718026865356068
2020-03-18,-0.014619221172116625
2020-03-19,0.015296238726773733
2020-03-20,0.018255294655439066
2020-03-23,-0.011878874225680484
2020-03-24,-0.05060385688355404
2020-03-25,-0.004602740090778481
2020-03-26,0.018155163843744396
2020-03-27,0.007097714236771986
2020-03-30,-0.00393006325101841
2020-03-31,-0.0038765927332208234
2020-04-01,0.011066554198282135
2020-04-02,0.006966415728818498
2020-04-03,-0.00407581139306284
2020-04-06,-0.0005413927351151718
2020-04-07,0.0017473167478500987
2020-04-08,-0.002867716751786319
2020-04-09,-0.00699782856873062
2020-04-13,0.0025918613967556414
2020-04-14,0.019156961069675807
2020-04-15,0.0006637114485789344
2020-04-16,-0.0059275257487265585
2020-04-17,0.0012644788928361517
2020-04-20,0.012578591025472602
2020-04-21,0.003545832261217033
2020-04-22,-0.010546675114951427
2020-04-23,-0.0003631753625519371
2020-04-24,-0.015544674179640202
2020-04-27,-0.0018972411998069737
2020-04-28,0.0003966708766378452
2020-04-29,-0.0030583801347730862
2020-04-30,0.014158437907805299
2020-05-01,-0.010234165776843912
2020-05-04,0.004721957138747469
2020-05-05,0.0033168728000475154
2020-05-06,-0.0005202893199419138
2020-05-07,0.009767903503092767
2020-05-08,0.0036237604659138307
2020-05-11,0.002287788490622371
2020-05-12,-0.0026856270331806747
2020-05-13,0.004838136013699329
2020-05-14,-9.013996066036933e-05
2020-05-15,-0.007603776793359077
2020-05-18,-0.011573027906860014
2020-05-19,-0.006833857584809039
2020-05-20,-0.0026735158822772083
2020-05-21,0.000408160529397347
2020-05-22,0.011047008914420307
2020-05-26,0.0026391724735211515
2020-05-27,-0.0016555141982431743
2020-05-28,0.012516396579050003
2020-05-29,0.008256463062931223
2020-06-01,-0.0002190113233502631
2020-06-02,-0.006221866317638602
2020-06-03,0.0023150837513713435
2020-06-04,-0.002429710248583838
2020-06-05,-0.020043572366848922
2020-06-08,0.01160749740751302
2020-06-09,0.007731462325411128
2020-06-10,-0.0017544101726616563
2020-06-11,-0.00998559243614175
2020-06-12,0.003427575566490571
2020-06-15,-0.0009852561427642994
2020-06-16,-0.00552240554685195
2020-06-17,0.00776604399609336
2020-06-18,-0.008022926658757612
2020-06-19,0.007733592076605369
2020-06-22,-0.006137131743764659
2020-06-23,-0.01022941359872184
2020-06-24,0.007814348591363174
2020-06-25,-0.003673661287355425
2020-06-26,-0.007898708672088223
2020-06-29,0.007397721167268619
2020-06-30,-0.005104741047305888
2020-07-01,-5e-05
2020-07-02,-0.000846548128670132
2020-07-06,7.523721134332865e-05
2020-07-07,-0.0004858281637560986
2020-07-08,0.0006340963450395051
2020-07-09,-0.0005030538090448858
2020-07-10,-0.0005545549132972474
2020-07-13,6.784862197321832e-05
2020-07-14,-0.0002118354825233197
2020-07-15,0.00028207811090567023
2020-07-16,-0.00030533905377172374
2020-07-17,0.0006154044246308541
2020-07-20,0.0018772515560371427
2020-07-21,0.0040873954877596414
2020-07-22,-0.002075116607191914
2020-07-23,0.0008794482885119681
2020-07-24,0.0015113134685999525
2020-07-27,9.833243873470909e-05
2020-07-28,-0.002659238038838312
2020-07-29,0.0001394216868380631
2020-07-30,0.0013344127732535867
2020-07-31,0.0010889361992702162
2020-08-03,-0.0015426942629540993
2020-08-04,-6.323805017729818e-05
2020-08-05,-0.003849018806376478
2020-08-06,0.001062641988763446
2020-08-07,-0.0040208254837149045
2020-08-10,-0.0007824009879245841
2020-08-11,0.0028322379897163944
2020-08-12,0.0004985917960858026
2020-08-13,-0.0010448298714839147
2020-08-14,-0.0006374560946588391
2020-08-17,5.7474000045523114e-05
2020-08-18,-0.00021118346265461128
2020-08-19,5.041571491922784e-05
2020-08-20,-0.0008921500161000424
2020-08-21,-0.00021969743701093783
2020-08-24,-0.001808999396313745
2020-08-25,0.0011209155060932683
2020-08-26,-0.00100577550197295
2020-08-27,0.0005320558242255269
2020-08-28,-0.0008599824473011936
2020-08-31,0.00020563101978853118
2020-09-01,-0.004059820860922076
2020-09-02,-0.0029996174223192035
2020-09-03,0.0031937750283324968
2020-09-04,-0.002070488622120998
2020-09-08,-0.0021505033824250285
2020-09-09,-0.001660647201826419
2020-09-10,-0.007125754802275633
2020-09-11,-0.00046392700156576124
2020-09-14,-0.001604842209744756
2020-09-15,0.0014993091031071395
2020-09-16,0.006063565388830357
2020-09-17,-0.0019839110152551228
2020-09-18,0.0022439101681922765
2020-09-21,-0.0009087792542228126
2020-09-22,-0.0031607977468097203
2020-09-23,-0.0012456356584722083
2020-09-24,-0.0013907163807240768
2020-09-25,-0.007260043347285973
2020-09-28,0.001957091962536367
2020-09-29,-0.0042625190481046776
2020-09-30,-0.0026000869640736015
2020-10-01,-0.006569207442579249
2020-10-02,-0.0016950590429064987
2020-10-05,0.0006913406909385282
2020-10-06,-0.0012412335307160367
2020-10-07,-0.004594494629566153
2020-10-08,0.004966156453094539
2020-10-09,-0.003929862261525723
2020-10-12,-0.001206488318769677
2020-10-13,-0.0014579323701209986
2020-10-14,0.0010416192529410944
2020-10-15,0.0002985535951349617
2020-10-16,-0.005644006024268478
2020-10-19,0.0026639767158288113
2020-10-20,0.005355719278676614
2020-10-21,-0.0032560523994758462
2020-10-22,0.003526795113220539
2020-10-23,-0.0018549471580607917
2020-10-26,-0.00038045914287234295
2020-10-27,-0.000949479563609314
2020-10-28,-0.0008366791648684351
2020-10-29,-0.0001514673062303484
2020-10-30,0.003890886422508337
2020-11-02,0.0027390926914239574
2020-11-03,-0.0010232226658045266
2020-11-04,0.004849542690033558
2020-11-05,-0.0009453832164958833
2020-11-06,-0.0032993738222420813
2020-11-09,0.0190897688125587
2020-11-10,-0.0059542662147083645
2020-11-11,-0.0015981636704978975
2020-11-12,0.0008538300350927588
2020-11-13,0.00019707058179102305
2020-11-16,0.006489874322209557
2020-11-17,0.0005085744775172218
2020-11-18,-0.0008115054929431762
2020-11-19,0.00040108928769380675
2020-11-20,0.0006533551892057869
2020-11-23,0.007934138155405963
2020-11-24,-0.0017309915170655638
2020-11-25,-0.0025888814629974064
2020-11-27,-0.004498079988873556
2020-11-30,-0.0047756686329450855
2020-12-01,0.00010525353417626914
2020-12-02,0.003240809636163871
2020-12-03,1.4207364436896654e-05
2020-12-04,0.006118676936864404
2020-12-07,-0.0013334609368585925
2020-12-08,0.005239413809516579
2020-12-09,0.00014011938869027391
2020-12-10,0.0021548002226574846
2020-12-11,-0.0003721617955721221
2020-12-14,-0.006072691818345616
2020-12-15,0.00017733880215405886
2020-12-16,-0.0016818167810552557
2020-12-17,-0.0034151276531027216
2020-12-18,-0.003714969346390695
2020-12-21,-0.005483547678808246
2020-12-22,-0.0021627324069742886
2020-12-23,0.004726669579026103
2020-12-24,-0.0007263270509656825
2020-12-28,0.0007106164574338714
2020-12-29,5.428164099562289e-05
2020-12-30,0.0022537142543279432
2020-12-31,-0.0012710263084301766
2021-01-04,0.0
2021-01-05,0.0
2021-01-06,-5.2631578947368424e-05
2021-01-07,-0.00014187832408621404
2021-01-08,0.0006743801250321218
2021-01-11,-0.0006057469195691505
2021-01-12,-0.0011068073922880792
2021-01-13,0.001204514112846721
2021-01-14,-0.0008282595917048598
2021-01-15,0.0019465205653264857
2021-01-19,0.0006568421146256101
2021-01-20,0.004129480806318661
2021-01-21,0.0034140232793769417
2021-01-22,-0.0007493075659054497
2021-01-25,0.0006688502585147833
2021-01-26,-0.0004897935664673487
2021-01-27,-0.0038955880073109125
2021-01-28,0.006175065391499361
2021-01-29,-0.002414090278401699
2021-02-01,-0.0008952473892263973
2021-02-02,0.004971073703275506
2021-02-03,-0.0017105195369125734
2021-02-04,0.0005749515017642421
2021-02-05,0.004602513034013755
2021-02-08,-0.001831188265569124
2021-02-09,-0.003073564745800766
2021-02-10,-0.0009162776977678374
2021-02-11,0.0010872714319609545
2021-02-12,-0.0009223119736068895
2021-02-16,-0.00275264344142047
2021-02-17,-0.0005527506870318618
2021-02-18,0.001192920544186117
2021-02-19,-0.0051610150216868005
2021-02-22,-0.00033670401469138895
2021-02-23,-0.0007550813144910905
2021-02-24,-0.0036446438616382594
2021-02-25,0.00036616153877674023
2021-02-26,0.005009382710547052
2021-03-01,-0.004311713257036773
2021-03-02,0.0038110314914723306
2021-03-03,-0.003578070318218279
2021-03-04,0.0008315427947455656
2021-03-05,0.0024333109789459705
2021-03-08,0.0030939801125913946
2021-03-09,0.00734019263528138
2021-03-10,-0.003398368931355447
2021-03-11,0.0008426102815243042
2021-03-12,-0.001897452370304627
2021-03-15,0.0016280814384050317
2021-03-16,0.0034999128902691032
2021-03-17,-0.0015923800148662803
2021-03-18,-0.0005953489396820436
2021-03-19,0.0022855782844671945
2021-03-22,0.002654370247269627
2021-03-23,-0.0018740575172144034
2021-03-24,-0.002306756453720557
2021-03-25,-0.0010419037955106225
2021-03-26,-0.00045117879247967
2021-03-29,0.00015408946247050617
2021-03-30,5.6002318285189224e-05
2021-03-31,0.00035208020360959804
2021-04-01,-0.007440044028827609
2021-04-05,0.0031335663298822356
2021-04-06,0.0008722424779397982
2021-04-07,0.0009108704972913972
2021-04-08,0.0038290138682194066
2021-04-09,-0.000541663691468997
2021-04-12,0.00061598829888749
2021-04-13,0.00014574197232072959
2021-04-14,-0.0031732465749488166
2021-04-15,0.0013172582519386782
2021-04-16,0.0016189534342550677
2021-04-19,-0.0019909026509107807
2021-04-20,0.0013474385810712092
2021-04-21,0.001893120179960015
2021-04-22,0.001038949983148848
2021-04-23,-0.003289107309192305
2021-04-26,0.0017243497725795795
2021-04-27,-0.00024031895559476683
2021-04-28,-0.000554175878407971
2021-04-29,0.002456852580693523
2021-04-30,-9.715325304641537e-05
2021-05-03,0.00011176687137900557
2021-05-04,-0.0028793049792970025
2021-05-05,-0.004225407595036329
2021-05-06,-0.004807668575209611
2021-05-07,0.003972113086757177
2021-05-10,-0.002157755963509103
2021-05-11,0.0015807769258659897
2021-05-12,0.0009292455048118003
2021-05-13,-0.0007765153210925788
2021-05-14,0.0022841726267877976
2021-05-17,-0.0019505295140409
2021-05-18,0.0020804243233983814
2021-05-19,0.0008512168494910817
2021-05-20,-0.00016478603637570948
2021-05-21,-0.00020807376147159015
2021-05-24,-0.00042728826457143595
2021-05-25,0.0013592595232263683
2021-05-26,0.0015685963781863384
2021-05-27,0.0010634352687587951
2021-05-28,-0.001201499332680928
2021-06-01,-0.005300167881045928
2021-06-02,-0.0008136147863553243
2021-06-03,-0.0034654853951440715
2021-06-04,0.00010371446009232385
2021-06-07,0.0022554778930648054
2021-06-08,-0.0010014994054879955
2021-06-09,0.0016700289292353203
2021-06-10,-0.0006600533619587019
2021-06-11,0.0006658369112131832
2021-06-14,0.00041581853071547724
2021-06-15,-0.000579595569697844
2021-06-16,-0.0006343165980638927
2021-06-17,0.002696605951279815
2021-06-18,0.0011922837919662991
2021-06-21,-0.0033153680512328578
2021-06-22,0.00017533177442935962
2021-06-23,-0.0015147765312036193
2021-06-24,-5.8091596572953564e-05
2021-06-25,-0.00029327511933371697
2021-06-28,0.0017438571574113291
2021-06-29,-0.002011556148032141
2021-06-30,0.0021788024811700613
2021-07-01,0.0
2021-07-02,-5e-05
2021-07-06,0.00011821035352948495
2021-07-07,0.0006541832774611496
2021-07-08,0.00019072423971264524
2021-07-09,0.0006288478980636808
2021-07-12,-0.0013812169826681153
2021-07-13,-0.0012381590039568053
2021-07-14,-0.0006672966618885967
2021-07-15,-0.0007820063806763432
2021-07-16,-0.0006538438834745893
2021-07-19,0.0009282965442907459
2021-07-20,-0.0005780726032134549
2021-07-21,0.0005718181715153918
2021-07-22,-0.0022325397520895005
2021-07-23,0.0003641027122985222
2021-07-26,0.0008716459766157077
2021-07-27,0.0023295597657717734
2021-07-28,0.0010507286265183055
2021-07-29,-0.0003940970058793467
2021-07-30,-0.0004615301940347503
2021-08-02,0.001208694546875663
2021-08-03,7.778321685545171e-05
2021-08-04,-0.00406326365815112
2021-08-05,-0.0008247066820605119
2021-08-06,0.003077018016047337
2021-08-09,-0.0006536144796882543
2021-08-10,0.0007935436756853012
2021-08-11,0.003399909251044805
2021-08-12,-5.089670129871035e-05
2021-08-13,0.0005322178152892098
2021-08-16,0.00019676608585289632
2021-08-17,0.0017355334321372147
2021-08-18,-0.0010999840425439888
2021-08-19,-0.0026351991854572606
2021-08-20,-0.003475425813001401
2021-08-23,-0.00017639676419649376
2021-08-24,0.000566970232220601
2021-08-25,-0.00021601506439994071
2021-08-26,0.00012013674863639492
2021-08-27,-0.0009679358170622489
2021-08-30,-0.0018570931132936108
2021-08-31,0.00181022039100453
2021-09-01,0.0008099323604736115
2021-09-02,0.000732165244324646
2021-09-03,-0.0006166263756372779
2021-09-07,0.0008711521261916863
2021-09-08,-7.814527336765499e-05
2021-09-09,-0.0005546616311242252
2021-09-10,-0.0013993583227190605
2021-09-13,0.002482397201118034
2021-09-14,-0.001799259755290196
2021-09-15,0.0009066573291373408
2021-09-16,0.001481386429191873
2021-09-17,0.000921617120344914
2021-09-20,0.003276806000592259
2021-09-21,-0.0006194654221290593
2021-09-22,-0.0007349845341249953
2021-09-23,-0.0014638830089157848
2021-09-24,0.0002530564063651239
2021-09-27,0.0005711705916563982
2021-09-28,0.000612857684252378
2021-09-29,-0.0010177384936297747
2021-09-30,0.00044208981389441215
2021-10-01,-0.002934451564905389
2021-10-04,-0.0014117237835855477
2021-10-05,-0.00259064632031785
2021-10-06,-0.00029315195987100274
2021-10-07,-0.00040657952454753037
2021-10-08,-0.003155073041692542
2021-10-11,0.001129934604410993
2021-10-12,-0.0029977083253652265
2021-10-13,0.0015043063466369446
2021-10-14,0.002728637926741683
2021-10-15,0.00021154970573685565
2021-10-18,1.238692912416614e-05
2021-10-19,0.0006377240368861633
2021-10-20,-0.0007645890640743071
2021-10-21,-0.0005095277084217994
2021-10-22,-0.003253306432597689
2021-10-25,-0.0002525014089384683
2021-10-26,0.00020570948426786584
2021-10-27,0.0019866910618830877
2021-10-28,0.0012222869231806265
2021-10-29,-0.00331815699976487
2021-11-01,0.0023006797877564104
2021-11-02,-0.005493489193072094
2021-11-03,-0.000584239287483909
2021-11-04,0.0018107457906181347
2021-11-05,0.003831164149844365
2021-11-08,0.00044422173969879106
2021-11-09,0.0019784124054483382
2021-11-10,-0.000593708172329682
2021-11-11,0.001988803127398059
2021-11-12,0.0017045972696073982
2021-11-15,-0.002338068401129716
2021-11-16,-0.0010628683740321588
2021-11-17,-0.0008513281209898595
2021-11-18,-0.001005002508260537
2021-11-19,0.0016941780744000902
2021-11-22,0.0011541510662261443
2021-11-23,-0.001105411042334726
2021-11-24,-0.0015926864624510914
2021-11-26,0.0016394100973520867
2021-11-29,0.00031679691725812356
2021-11-30,0.0012746547639592002
2021-12-01,0.0004023533138788886
2021-12-02,0.00226137065427699
2021-12-03,0.004223894782861155
2021-12-06,-8.504224311893512e-05
2021-12-07,9.5881009270451e-05
2021-12-08,0.0014403659705726928
2021-12-09,0.00033558464764852394
2021-12-10,-0.0002598141255644659
2021-12-13,0.001641880902841681
2021-12-14,0.001102184724468774
2021-12-15,-0.0016629651328017845
2021-12-16,0.0010059628363356676
2021-12-17,0.0029634695676792533
2021-12-20,0.0010291970572148237
2021-12-21,-0.00025454037068028463
2021-12-22,-0.0010778896551422146
2021-12-23,0.00031913704803853424
2021-12-27,-0.0007915324526179205
2021-12-28,0.0017395087872154609
2021-12-29,1.6894851363323245e-05
2021-12-30,0.0008894715727204398
2021-12-31,0.0006057586174215174
2022-01-03,0.0
2022-01-04,0.0
2022-01-05,-0.0004
2022-01-06,0.000723091435573249
2022-01-07,6.12532652963676e-06
2022-01-10,1.2713089273785546e-06
2022-01-11,0.007942756405485262
2022-01-12,0.0006204133624978335
2022-01-13,0.0005331310616082784
2022-01-14,-0.003769828120786347
2022-01-18,-0.006042820320973507
2022-01-19,-0.0023472495135664533
2022-01-20,0.002122730669806602
2022-01-21,-0.004438462120217158
2022-01-24,0.0059074200036930685
2022-01-25,-0.0037649431208197984
2022-01-26,-0.001131694130313439
2022-01-27,-0.0008010868502824366
2022-01-28,-0.004426895958409315
2022-01-31,0.00844006693585057
2022-02-01,0.0037546267183172694
2022-02-02,-0.0035038981350016393
2022-02-03,-0.004627005224837305
2022-02-04,6.58836512200455e-05
2022-02-07,-0.0017734164924132212
2022-02-08,0.0024067187154794435
2022-02-09,0.008546829738826782
2022-02-10,-0.00342324734138649
2022-02-11,-0.005302775712457545
2022-02-14,-0.00461908012819642
2022-02-15,0.003642636027151274
2022-02-16,0.002915059130068125
2022-02-17,-0.009309403274322904
2022-02-18,-0.0039727778679211415
2022-02-22,-0.010571928499885952
2022-02-23,-0.00355215244783086
2022-02-24,0.012292274664705399
2022-02-25,-0.0009549270546911216
2022-02-28,0.00340768481286534
2022-03-01,-0.0018835931721543284
2022-03-02,-0.00047444660604871144
2022-03-03,-0.008181660983095923
2022-03-04,-0.006678178505970744
2022-03-07,-0.007160249507675143
2022-03-08,0.021920994191843086
2022-03-09,0.008107728794904078
2022-03-10,0.004175975487911082
2022-03-11,-0.004664247965369094
2022-03-14,-0.007723739901650391
2022-03-15,0.002349716439580286
2022-03-16,0.008182835009556534
2022-03-17,0.0013789568621280588
2022-03-18,0.0035870946371858907
2022-03-21,-0.008402107480143205
2022-03-22,0.00019188115678811564
2022-03-23,-0.004554467449339893
2022-03-24,-0.0002528755882316533
2022-03-25,-0.0029523852609014173
2022-03-28,0.0004614799599159336
2022-03-29,0.008230635569688958
2022-03-30,-0.001742137967639723
2022-03-31,-0.006600058835284486
2022-04-01,-5.541803634314347e-05
2022-04-04,0.00136076442331939
2022-04-05,-0.006395677645452465
2022-04-06,-0.01140102889630707
2022-04-07,-0.0048502654584804145
2022-04-08,-0.0021532260085462907
2022-04-11,-0.00018393650701551428
2022-04-12,-0.0032444110709612998
2022-04-13,0.0023299124852721427
2022-04-14,-0.006794404108679238
2022-04-18,0.00024979042188507766
2022-04-19,0.0011457727871677051
2022-04-20,-0.0036597269472809627
2022-04-21,-0.004575294094952012
2022-04-22,-0.002173721152424436
2022-04-25,0.0012618855206435018
2022-04-26,-0.005810155300666442
2022-04-27,-0.004923713727739156
2022-04-28,0.001320580129919094
2022-04-29,-0.0029312834101025828
2022-05-02,0.011277144060605714
2022-05-03,0.004435247120827822
2022-05-04,0.0060616587247592415
2022-05-05,-0.011156800151683034
2022-05-06,-0.007950549053226211
2022-05-09,-0.009783169483021438
2022-05-10,0.0100015178067663
2022-05-11,-0.006095185826185984
2022-05-12,0.004305396577552733
2022-05-13,9.287678727619448e-05
2022-05-16,-0.005134923366082404
2022-05-17,0.01343738968928592
2022-05-18,0.02688756529883532
2022-05-19,0.0075514545316752195
2022-05-20,0.006325262833420618
2022-05-23,-0.002238784650360787
2022-05-24,-0.01047814609588094
2022-05-25,0.003159489932958107
2022-05-26,0.015280109289909366
2022-05-27,0.0009335743202231888
2022-05-31,0.0005924348382911438
2022-06-01,0.0027409743920843656
2022-06-02,0.002548183850429854
2022-06-03,-0.001604771605589895
2022-06-06,-0.0008157608414401357
2022-06-07,-0.005735407170269121
2022-06-08,-0.003740125295445547
2022-06-09,0.00034944668287899115
2022-06-10,-0.012090779654987855
2022-06-13,-0.01436059563369882
2022-06-14,0.007811155653058325
2022-06-15,-0.0028392510874654677
2022-06-16,-0.013920380909049512
2022-06-17,-0.00018316955983479452
2022-06-21,-0.0004629459819759516
2022-06-22,0.0025866667057024783
2022-06-23,0.0008862232611617251
2022-06-24,0.002045126683318771
2022-06-27,0.000487231420332853
2022-06-28,6.075233744107667e-05
2022-06-29,-0.00811652824091682
2022-06-30,0.0002671468599262126
2022-07-01,0.0
2022-07-05,0.0
2022-07-06,0.0
2022-07-07,0.0
2022-07-08,0.0
2022-07-11,0.0
2022-07-12,0.0
2022-07-13,0.0
2022-07-14,0.0
2022-07-15,0.0
2022-07-18,0.0
2022-07-19,0.0
2022-07-20,0.0
2022-07-21,0.0
2022-07-22,0.0
2022-07-25,0.0
2022-07-26,0.0
2022-07-27,0.0
2022-07-28,0.0
2022-07-29,0.0
2022-08-01,0.0
2022-08-02,0.0
2022-08-03,0.0
2022-08-04,0.0
2022-08-05,0.0
2022-08-08,0.0
2022-08-09,0.0
2022-08-10,0.0
2022-08-11,0.0
2022-08-12,0.0
2022-08-15,0.0
2022-08-16,0.0
2022-08-17,0.0
2022-08-18,0.0
2022-08-19,0.0
2022-08-22,0.0
2022-08-23,0.0
2022-08-24,0.0
2022-08-25,0.0
2022-08-26,0.0
2022-08-29,0.0
2022-08-30,0.0
2022-08-31,0.0
2022-09-01,0.0
2022-09-02,0.0
2022-09-06,0.0
2022-09-07,0.0
2022-09-08,0.0
2022-09-09,0.0
2022-09-12,0.0
2022-09-13,0.0
2022-09-14,0.0
2022-09-15,0.0
2022-09-16,0.0
2022-09-19,0.0
2022-09-20,0.0
2022-09-21,0.0
2022-09-22,0.0
2022-09-23,0.0
2022-09-26,0.0
2022-09-27,0.0
2022-09-28,0.0
2022-09-29,0.0
2022-09-30,0.0
2022-10-03,0.0
2022-10-04,0.0
2022-10-05,0.0
2022-10-06,0.0
2022-10-07,0.0
2022-10-10,0.0
2022-10-11,0.0
2022-10-12,0.0
2022-10-13,0.0
2022-10-14,0.0
2022-10-17,0.0
2022-10-18,0.0
2022-10-19,0.0
2022-10-20,0.0
2022-10-21,0.0
2022-10-24,0.0
2022-10-25,0.0
2022-10-26,0.0
2022-10-27,0.0
2022-10-28,0.0
2022-10-31,0.0
2022-11-01,0.0
2022-11-02,0.0
2022-11-03,0.0
2022-11-04,0.0
2022-11-07,0.0
2022-11-08,0.0
2022-11-09,0.0
2022-11-10,0.0
2022-11-11,0.0
2022-11-14,0.0
2022-11-15,0.0
2022-11-16,0.0
2022-11-17,0.0
2022-11-18,0.0
2022-11-21,0.0
2022-11-22,0.0
2022-11-23,0.0
2022-11-25,0.0
2022-11-28,0.0
2022-11-29,0.0
2022-11-30,0.0
2022-12-01,0.0
2022-12-02,0.0
2022-12-05,0.0
2022-12-06,0.0
2022-12-07,0.0
2022-12-08,0.0
2022-12-09,0.0
2022-12-12,0.0
2022-12-13,0.0
2022-12-14,0.0
2022-12-15,0.0
2022-12-16,0.0
2022-12-19,0.0
2022-12-20,0.0
2022-12-21,0.0
2022-12-22,0.0
2022-12-23,0.0
2022-12-27,0.0
2022-12-28,0.0
2022-12-29,0.0
2022-12-30,0.0
2023-01-03,0.0
2023-01-04,0.0
2023-01-05,0.0
2023-01-06,0.0
2023-01-09,0.0
2023-01-10,0.0
2023-01-11,0.0
2023-01-12,0.0
2023-01-13,0.0
2023-01-17,0.0
2023-01-18,0.0
2023-01-19,0.0
2023-01-20,0.0
2023-01-23,0.0
2023-01-24,0.0
2023-01-25,0.0
2023-01-26,0.0
2023-01-27,0.0
2023-01-30,0.0
2023-01-31,0.0
2023-02-01,0.0
2023-02-02,0.0
2023-02-03,0.0
2023-02-06,0.0
2023-02-07,0.0
2023-02-08,0.0
2023-02-09,0.0
2023-02-10,0.0
2023-02-13,0.0
2023-02-14,0.0
2023-02-15,0.0
2023-02-16,0.0
2023-02-17,0.0
2023-02-21,0.0
2023-02-22,0.0
2023-02-23,0.0
2023-02-24,0.0
2023-02-27,0.0
2023-02-28,0.0
2023-03-01,0.0
2023-03-02,0.0
2023-03-03,0.0
2023-03-06,0.0
2023-03-07,0.0
2023-03-08,0.0
2023-03-09,0.0
2023-03-10,0.0
2023-03-13,0.0
2023-03-14,0.0
2023-03-15,0.0
2023-03-16,0.0
2023-03-17,0.0
2023-03-20,0.0
2023-03-21,0.0
2023-03-22,0.0
2023-03-23,0.0
2023-03-24,0.0
2023-03-27,0.0
2023-03-28,0.0
2023-03-29,0.0
2023-03-30,0.0
2023-03-31,0.0
2023-04-03,0.0
2023-04-04,0.0
2023-04-05,0.0
2023-04-06,0.0
2023-04-10,0.0
2023-04-11,0.0
2023-04-12,0.0
2023-04-13,0.0
2023-04-14,0.0
2023-04-17,0.0
2023-04-18,0.0
2023-04-19,0.0
2023-04-20,0.0
2023-04-21,0.0
2023-04-24,0.0
2023-04-25,0.0
2023-04-26,0.0
2023-04-27,0.0
2023-04-28,0.0
2023-05-01,0.0
2023-05-02,0.0
2023-05-03,0.0
2023-05-04,0.0
2023-05-05,0.0
2023-05-08,0.0
2023-05-09,0.0
2023-05-10,0.0
2023-05-11,0.0
2023-05-12,0.0
2023-05-15,0.0
2023-05-16,0.0
2023-05-17,0.0
2023-05-18,0.0
2023-05-19,0.0
2023-05-22,0.0
2023-05-23,0.0
2023-05-24,0.0
2023-05-25,0.0
2023-05-26,0.0
2023-05-30,0.0
2023-05-31,0.0
2023-06-01,0.0
2023-06-02,0.0
2023-06-05,0.0
2023-06-06,0.0
2023-06-07,0.0
2023-06-08,0.0
2023-06-09,0.0
2023-06-12,0.0
2023-06-13,0.0
2023-06-14,0.0
2023-06-15,0.0
2023-06-16,0.0
2023-06-20,0.0
2023-06-21,0.0
2023-06-22,0.0
2023-06-23,0.0
2023-06-26,0.0
2023-06-27,0.0
2023-06-28,0.0
2023-06-29,0.0
2023-06-30,0.0
2023-07-03,0.0
2023-07-05,0.0
2023-07-06,0.0
2023-07-07,0.0
2023-07-10,0.0
2023-07-11,0.0
2023-07-12,0.0
2023-07-13,0.0
2023-07-14,0.0
2023-07-17,0.0
2023-07-18,0.0
2023-07-19,0.0
2023-07-20,0.0
2023-07-21,0.0
2023-07-24,0.0
2023-07-25,0.0
2023-07-26,0.0
2023-07-27,0.0
2023-07-28,0.0
2023-07-31,0.0
2023-08-01,0.0
2023-08-02,0.0
2023-08-03,0.0
2023-08-04,0.0
2023-08-07,0.0
2023-08-08,0.0
2023-08-09,0.0
2023-08-10,0.0
2023-08-11,0.0
2023-08-14,0.0
2023-08-15,0.0
2023-08-16,0.0
2023-08-17,0.0
2023-08-18,0.0
2023-08-21,0.0
2023-08-22,0.0
2023-08-23,0.0
2023-08-24,0.0
2023-08-25,0.0
2023-08-28,0.0
2023-08-29,0.0
2023-08-30,0.0
2023-08-31,0.0
2023-09-01,0.0
2023-09-05,0.0
2023-09-06,0.0
2023-09-07,0.0
2023-09-08,0.0
2023-09-11,0.0
2023-09-12,0.0
2023-09-13,0.0
2023-09-14,0.0
2023-09-15,0.0
2023-09-18,0.0
2023-09-19,0.0
2023-09-20,0.0
2023-09-21,0.0
2023-09-22,0.0
2023-09-25,0.0
2023-09-26,0.0
2023-09-27,0.0
2023-09-28,0.0
2023-09-29,0.0
2023-10-02,0.0
2023-10-03,0.0
2023-10-04,0.0
2023-10-05,0.0
2023-10-06,0.0
2023-10-09,0.0
2023-10-10,0.0
2023-10-11,0.0
2023-10-12,0.0
2023-10-13,0.0
2023-10-16,0.0
2023-10-17,0.0
2023-10-18,0.0
2023-10-19,0.0
2023-10-20,0.0
2023-10-23,0.0
2023-10-24,0.0
2023-10-25,0.0
2023-10-26,0.0
2023-10-27,0.0
2023-10-30,0.0
2023-10-31,0.0
2023-11-01,0.0
2023-11-02,0.0
2023-11-03,0.0
2023-11-06,0.0
2023-11-07,0.0
2023-11-08,0.0
2023-11-09,0.0
2023-11-10,0.0
2023-11-13,0.0
2023-11-14,0.0
2023-11-15,0.0
2023-11-16,0.0
2023-11-17,0.0
2023-11-20,0.0
2023-11-21,0.0
2023-11-22,0.0
2023-11-24,0.0
2023-11-27,0.0
2023-11-28,0.0
2023-11-29,0.0
2023-11-30,0.0
2023-12-01,0.0
2023-12-04,0.0
2023-12-05,0.0
2023-12-06,0.0
2023-12-07,0.0
2023-12-08,0.0
2023-12-11,0.0
2023-12-12,0.0
2023-12-13,0.0
2023-12-14,0.0
2023-12-15,0.0
2023-12-18,0.0
2023-12-19,0.0
2023-12-20,0.0
2023-12-21,0.0
2023-12-22,0.0
2023-12-26,0.0
2023-12-27,0.0
2023-12-28,0.0
2023-12-29,0.0
2024-01-02,0.0
2024-01-03,0.0
2024-01-04,0.0
2024-01-05,0.0
2024-01-08,0.0
2024-01-09,0.0
2024-01-10,0.0
2024-01-11,0.0
2024-01-12,0.0
2024-01-16,0.0
2024-01-17,0.0
2024-01-18,0.0
2024-01-19,0.0
2024-01-22,0.0
2024-01-23,0.0
2024-01-24,0.0
2024-01-25,0.0
2024-01-26,0.0
2024-01-29,0.0
2024-01-30,0.0
2024-01-31,0.0
2024-02-01,0.0
2024-02-02,0.0
2024-02-05,0.0
2024-02-06,0.0
2024-02-07,0.0
2024-02-08,0.0
2024-02-09,0.0
2024-02-12,0.0
2024-02-13,0.0
2024-02-14,0.0
2024-02-15,0.0
2024-02-16,0.0
2024-02-20,0.0
2024-02-21,0.0
2024-02-22,0.0
2024-02-23,0.0
2024-02-26,0.0
2024-02-27,0.0
2024-02-28,0.0
2024-02-29,0.0
2024-03-01,0.0
2024-03-04,0.0
2024-03-05,0.0
2024-03-06,0.0
2024-03-07,0.0
2024-03-08,0.0
2024-03-11,0.0
2024-03-12,0.0
2024-03-13,0.0
2024-03-14,0.0
2024-03-15,0.0
2024-03-18,0.0
2024-03-19,0.0
2024-03-20,0.0
2024-03-21,0.0
2024-03-22,0.0
2024-03-25,0.0
2024-03-26,0.0
2024-03-27,0.0
2024-03-28,-0.001
2024-04-01,0.007629419261817501
2024-04-02,-0.007626976712889698
2024-04-03,0.005797469217615777
2024-04-04,0.004872575425515567
2024-04-05,-0.005950248387119323
2024-04-08,0.0014228373338079265
2024-04-09,0.004723021988720978
2024-04-10,-0.0007801947875154345
2024-04-11,0.007145158460639738
2024-04-12,-0.00477609061872071
2024-04-15,-0.00021226954656174222
2024-04-16,0.0027524577065891915
2024-04-17,-0.01490282895955387
2024-04-18,-0.0008110903769781504
2024-04-19,-0.013942575719174347
2024-04-22,-0.006438646160618136
2024-04-23,0.002126987175336873
2024-04-24,-0.00132878257933768
2024-04-25,0.0032283684388103944
2024-04-26,0.006052162227333984
2024-04-29,-0.007375389539742592
2024-04-30,0.0025115969158041227
2024-05-01,-0.008129322776493244
2024-05-02,-0.000288175758517245
2024-05-03,0.0009391053710734103
2024-05-06,0.0017456768187595196
2024-05-07,-0.005328611650788043
2024-05-08,0.009088194215857203
2024-05-09,0.007377574758659798
2024-05-10,0.01561461416790553
2024-05-13,0.0073083403396933515
2024-05-14,0.0024593545492282336
2024-05-15,0.0023687261771824174
2024-05-16,-0.007218237687217919
2024-05-17,0.000667099967063752
2024-05-20,0.007062250508954798
2024-05-21,0.0
2024-05-22,0.0
2024-05-23,-0.001
2024-05-24,-0.004490346395519492
2024-05-28,-0.007077935675188113
2024-05-29,-0.0013562887363202623
2024-05-30,-0.03852449045235232
2024-05-31,0.03523607832677122
2024-06-03,0.007240477642165122
2024-06-04,0.00206006118308696
2024-06-05,-0.00770158763782161
2024-06-06,-0.001849990758302997
2024-06-07,-0.006298585847264478
2024-06-10,0.0064815500802438124
2024-06-11,0.0004996103623675786
2024-06-12,0.0005132427224189095
2024-06-13,-0.0012820351821423086
2024-06-14,0.007617840133549026
2024-06-17,-0.002635052716816576
2024-06-18,-0.0024001544499586917
2024-06-20,0.005221344534664994
2024-06-21,-0.006426508891944417
2024-06-24,0.010963561495337032
2024-06-25,-0.008696965796853048
2024-06-26,0.007255689680374627
2024-06-27,0.0058871747547611115
2024-06-28,-0.0030301139933473975
2024-07-01,0.0
2024-07-02,0.0
2024-07-03,0.0
2024-07-05,0.0
2024-07-08,0.0
2024-07-09,0.0
2024-07-10,0.0
2024-07-11,0.0
2024-07-12,0.0
2024-07-15,0.0
2024-07-16,0.0
2024-07-17,0.0
2024-07-18,0.0
2024-07-19,0.0
2024-07-22,0.0
2024-07-23,0.0
2024-07-24,0.0
2024-07-25,0.0
2024-07-26,0.0
2024-07-29,0.0
2024-07-30,0.0
2024-07-31,0.0
2024-08-01,0.0
2024-08-02,0.0
2024-08-05,0.0
2024-08-06,0.0
2024-08-07,0.0
2024-08-08,0.0
2024-08-09,0.0
2024-08-12,0.0
2024-08-13,0.0
2024-08-14,0.0
2024-08-15,0.0
2024-08-16,0.0
2024-08-19,0.0
2024-08-20,0.0
2024-08-21,0.0
2024-08-22,0.0
2024-08-23,0.0
2024-08-26,0.0
2024-08-27,0.0
2024-08-28,0.0
2024-08-29,0.0
2024-08-30,0.0
2024-09-03,0.0
2024-09-04,0.0
2024-09-05,0.0
2024-09-06,0.0
2024-09-09,0.0
2024-09-10,0.0
2024-09-11,0.0
2024-09-12,0.0
2024-09-13,0.0
2024-09-16,0.0
2024-09-17,0.0
2024-09-18,0.0
2024-09-19,0.0
2024-09-20,0.0
2024-09-23,0.0
2024-09-24,0.0
2024-09-25,0.0
2024-09-26,0.0
2024-09-27,0.0
2024-09-30,0.0
2024-10-01,0.0
2024-10-02,0.0
2024-10-03,0.0
2024-10-04,0.0
2024-10-07,0.0
2024-10-08,0.0
2024-10-09,0.0
2024-10-10,0.0
2024-10-11,0.0
2024-10-14,0.0
2024-10-15,0.0
2024-10-16,0.0
2024-10-17,0.0
2024-10-18,0.0
2024-10-21,0.0
2024-10-22,0.0
2024-10-23,0.0
2024-10-24,0.0
2024-10-25,0.0
2024-10-28,0.0
2024-10-29,0.0
2024-10-30,0.0
2024-10-31,0.0
2024-11-01,0.0
2024-11-04,0.0
2024-11-05,0.0
2024-11-06,0.0
2024-11-07,0.0
2024-11-08,0.0
2024-11-11,0.0
2024-11-12,0.0
2024-11-13,0.0
2024-11-14,0.0
2024-11-15,0.0
2024-11-18,0.0
2024-11-19,0.0
2024-11-20,0.0
2024-11-21,0.0
2024-11-22,0.0
2024-11-25,0.0
2024-11-26,0.0
2024-11-27,0.0
2024-11-29,0.0
2024-12-02,0.0
2024-12-03,0.0
2024-12-04,0.0
2024-12-05,0.0
2024-12-06,0.0
2024-12-09,0.0
2024-12-10,0.0
2024-12-11,0.0
2024-12-12,0.0
2024-12-13,0.0
2024-12-16,0.0
2024-12-17,0.0
2024-12-18,0.0
2024-12-19,0.0
2024-12-20,0.0
2024-12-23,0.0
2024-12-24,0.0
2024-12-26,0.0
2024-12-27,0.0
2024-12-30,0.0
2024-12-31,0.0
2025-01-02,0.0
2025-01-03,0.0
2025-01-06,0.0
2025-01-07,0.0
2025-01-08,0.0
2025-01-10,-0.0005
2025-01-13,-0.00028322522220772023
2025-01-14,0.006573099967060414
2025-01-15,0.00099798392359431
2025-01-16,-0.0012413141131977523
2025-01-17,-0.005489590470242348
2025-01-21,-0.004108804907616136
2025-01-22,-0.006837494324471095
2025-01-23,-0.004296768619465952
2025-01-24,0.001890656123648543
2025-01-27,0.0059683323958864
2025-01-28,-0.001957276081613461
2025-01-29,-0.003747677024052588
2025-01-30,-0.00014171306694986114
2025-01-31,-0.0039499392171951
2025-02-03,0.0009878507381911564
2025-02-04,-0.0019170956680874516
2025-02-05,-0.0011050073507401829
2025-02-06,-0.0003971586793988413
2025-02-07,0.0008757078817095295
2025-02-10,0.0020973733418941168
2025-02-11,0.00996991437836749
2025-02-12,-0.009952351255074314
2025-02-13,0.001594829041889954
2025-02-14,0.0018633332905187792
2025-02-18,-0.0016582988563252532
2025-02-19,-0.004268521741980806
2025-02-20,-0.0011261826066146794
2025-02-21,0.0030591566035093856
2025-02-24,0.007170681895083547
2025-02-25,0.00647787068467526
2025-02-26,-0.001012858126053552
2025-02-27,0.005792122629947653
2025-02-28,7.954206853075674e-05
2025-03-03,0.0017551831608044416
2025-03-04,0.001904075667092003
2025-03-05,-0.0002672112670651311
2025-03-06,0.003633438555436649
2025-03-07,0.0027546075467599312
2025-03-10,0.0
2025-03-11,0.0
2025-03-12,0.0
2025-03-13,-0.0005
2025-03-14,-0.0018376873923852746
2025-03-17,0.0008783339650435505
2025-03-18,0.004778085388114592
2025-03-19,0.0007998184383338166
2025-03-20,0.00362626217765712
2025-03-21,-0.0031697534301988743
2025-03-24,0.0036296911090024056
2025-03-25,0.0
2025-03-26,0.0
2025-03-27,0.0
2025-03-28,0.0
2025-03-31,-0.0005
2025-04-01,0.0010434033100197074
2025-04-02,0.006723107523461556
2025-04-03,-0.008941053641103494
2025-04-04,0.0061019992223021735
2025-04-07,0.008540602546008682
2025-04-08,-0.005685458389808218
2025-04-09,0.0035601514812711546
2025-04-10,0.0
2025-04-11,0.0
2025-04-14,0.0
2025-04-15,0.0
2025-04-16,0.0
2025-04-17,0.0
2025-04-21,-0.0005
2025-04-22,0.003770996577707954
2025-04-23,-0.00047933305973988467
2025-04-24,-0.0014348432449003685
2025-04-25,-0.005218522131149849
2025-04-28,0.005059878242012334
2025-04-29,0.004915606902130923
2025-04-30,-0.002046348944190563
2025-05-01,0.0014015785419151992
2025-05-02,0.0006202447182252768
2025-05-05,0.000534571100970694
2025-05-06,0.001703620780210738
2025-05-07,0.0
2025-05-08,0.0
2025-05-09,0.0
2025-05-12,0.0
2025-05-13,0.0
2025-05-14,0.0
2025-05-15,0.0
2025-05-16,0.0
2025-05-19,0.0
2025-05-20,0.0
2025-05-21,0.0
2025-05-22,0.0
2025-05-23,-0.0005
2025-05-27,0.0027615562460997388
2025-05-28,-0.0014417801055567705
2025-05-29,0.0014013171719866866
2025-05-30,0.0010242020985824635
2025-06-02,4.418710887399099e-05
2025-06-03,0.00038344644152216417
2025-06-04,-0.0032137411564394655
2025-06-05,-0.00017629944507705663
2025-06-06,-0.002499468138051525
2025-06-09,-0.003708815500921318
2025-06-10,-0.004562661108220807
2025-06-11,-0.00208989256630759
2025-06-12,0.0019344286228386003
2025-06-13,-0.0004861475296411388
2025-06-16,-0.0024044953747811163
2025-06-17,-0.0005528694940730079
2025-06-18,-0.00038611476155454437
2025-06-20,0.0002774719238622056
2025-06-23,0.003058504789198093
2025-06-24,-0.00476512497671686
2025-06-25,-0.00516916945422856
2025-06-26,0.002774829314513658
2025-06-27,-0.001007676793948347
2025-06-30,0.0033683567661726963
2025-07-01,0.0
2025-07-02,0.0
2025-07-03,0.0
2025-07-07,0.0
2025-07-08,0.0
2025-07-09,0.0
2025-07-10,0.0
2025-07-11,0.0
2025-07-14,0.0
2025-07-15,0.0
2025-07-16,0.0
2025-07-17,0.0
2025-07-18,0.0
2025-07-21,0.0
2025-07-22,0.0
2025-07-23,0.0
2025-07-24,0.0
2025-07-25,0.0
2025-07-28,0.0
2025-07-29,0.0
2025-07-30,0.0
2025-07-31,0.0
2025-08-01,0.0
2025-08-04,0.0
2025-08-05,0.0
2025-08-06,0.0
2025-08-07,0.0
2025-08-08,0.0
2025-08-11,0.0
2025-08-12,0.0
2025-08-13,0.0
2025-08-14,0.0
2025-08-15,0.0
2025-08-18,0.0
2025-08-19,0.0
2025-08-20,0.0
2025-08-21,0.0
2025-08-22,0.0
2025-08-25,0.0
2025-08-26,0.0
2025-08-27,0.0
2025-08-28,0.0
2025-08-29,0.0
2025-09-02,0.0
2025-09-03,0.0
2025-09-04,0.0
2025-09-05,0.0
2025-09-08,0.0
2025-09-09,0.0
2025-09-10,0.0
2025-09-11,0.0
2025-09-12,0.0
2025-09-15,0.0
2025-09-16,0.0
2025-09-17,0.0
2025-09-18,0.0
2025-09-19,0.0
2025-09-22,0.0
2025-09-23,0.0
2025-09-24,0.0
2025-09-25,0.0
2025-09-26,0.0
2025-09-29,0.0
2025-09-30,0.0
2025-10-01,0.0
2025-10-02,0.0
2025-10-03,0.0
2025-10-06,0.0
2025-10-07,0.0
2025-10-08,0.0
2025-10-09,0.0
2025-10-10,0.0
2025-10-13,0.0
2025-10-14,0.0
2025-10-15,0.0
2025-10-16,0.0
2025-10-17,0.0
2025-10-20,0.0
2025-10-21,0.0
2025-10-22,0.0
2025-10-23,0.0
2025-10-24,0.0
2025-10-27,0.0
2025-10-28,0.0
2025-10-29,0.0
2025-10-30,0.0
2025-10-31,0.0
2025-11-03,0.0
2025-11-04,0.0
2025-11-05,0.0
2025-11-06,0.0
2025-11-07,0.0
2025-11-10,0.0
2025-11-11,-0.00025
2025-11-12,-0.0006008873658130754
2025-11-13,-0.0014252817152359371
2025-11-14,-0.0007784927616681135
2025-11-17,0.0025002810015979813
2025-11-18,0.0011234632647021462
2025-11-19,-0.0035809005352450754
2025-11-20,0.00464685625122248
2025-11-21,-0.002376915064659137
2025-11-24,0.001284662028073384
2025-11-25,-0.004824848410604439
2025-11-26,-0.000676556687253534
2025-11-28,-0.0001619135016172901
2025-12-01,0.002678489175885187
2025-12-02,0.001611450907779481
2025-12-03,0.0018424825909858266
2025-12-04,-0.0034183100354629806
2025-12-05,-0.0006736658899842178
2025-12-08,0.003786800991007501
2025-12-09,0.002739723564712401
2025-12-10,-0.003649644776383693
2025-12-11,-0.0004174039718557069
2025-12-12,0.0018683355396076338
2025-12-15,-0.0009122769010281185
2025-12-16,-0.0038904922533581705
2025-12-17,0.001169439784621308
2025-12-18,0.0003951849564336828
2025-12-19,-0.0013391921092817446
2025-12-22,-0.0013817577686754514
2025-12-23,0.002148220722225601
2025-12-24,-0.0001558310572002488
2025-12-26,-0.0012151949978680776
2025-12-29,-0.0003991074878858874
2025-12-30,0.0016179664057671636
2025-12-31,0.002089811642309882
2026-01-02,0.0
2026-01-05,0.0
2026-01-06,0.0
2026-01-07,-5e-05
2026-01-08,0.0005646455507748073
2026-01-09,-4.705718896524931e-05
2026-01-12,9.9005371913129e-05
2026-01-13,0.00031477713049029394
2026-01-14,4.4072644849836236e-05
2026-01-15,-0.00017671907777240523
2026-01-16,-0.000779727713692822
2026-01-20,0.0012949533593863349
2026-01-21,0.0005985385828466306
2026-01-22,0.0004199295419442652
2026-01-23,-0.00017200802875854714
2026-01-26,-0.0003385173914927369
2026-01-27,-0.0005864430633305962
2026-01-28,-0.000648834775988651
2026-01-29,-0.001054442423350023
2026-01-30,-0.0021374073293501253
2026-02-02,0.00010165481243266288
2026-02-03,-0.0020135395301233015
2026-02-04,-0.0016652539996405813
2026-02-05,-0.0012159713373714098
2026-02-06,0.00038057813802418167
2026-02-09,0.0009577660331346645
2026-02-10,-0.00277217332873209
2026-02-11,-0.006902992629634087
2026-02-12,-0.01621622710401114
2026-02-13,-0.018953570065657992
2026-02-17,0.0030352024067760125
2026-02-18,0.013288261210793139
2026-02-19,-0.021959473538610566
2026-02-20,-0.008389807433277365
2026-02-23,-0.0042842802381741815
2026-02-24,-0.006474633790556156
2026-02-25,0.0005259373429276112
2026-02-26,0.0027554194068890384
2026-02-27,-0.0048287852797744765
2026-03-02,0.0003610167603490125
2026-03-03,0.0038425662463227673
2026-03-04,0.0005582010630916325
2026-03-05,0.02220252985498212
2026-03-06,-0.0074158060282779855
2026-03-09,0.011298824696554948
2026-03-10,0.00020104080176726498
2026-03-11,-0.0012854289509410725
2026-03-12,0.0047750196407096625
2026-03-13,-0.009004550415667863
2026-03-16,-0.010501607441462456
2026-03-17,0.001220431968953048
2026-03-18,0.004097455360404394
2026-03-19,0.008495734159660278
2026-03-20,0.020334919493951102
2026-03-23,-0.008271782457463813
2026-03-24,-0.0015335229775020605
2026-03-25,0.0007979594826478954
2026-03-26,0.0021160405239102867
2026-03-27,0.0035849807119275766
2026-03-30,-0.01595399277953778
2026-03-31,-0.009241839895017905
2026-04-01,-0.001505488082981742
2026-04-02,-0.0015154374495181732
2026-04-06,0.00022522213984482687
2026-04-07,8.51644028807612e-05
2026-04-08,-0.012579896574440978
2026-04-09,-0.010904459338566048
2026-04-10,0.002997772465123161
2026-04-13,0.0263849625190144
2026-04-14,0.002106122927971683
2026-04-15,0.007658179623552956
2026-04-16,-0.005688558232455061
2026-04-17,0.007289050942067396
2026-04-20,0.0020101136019214038
2026-04-21,0.0062328605897585005
2026-04-22,-0.000769007742508514
2026-04-23,-0.009663396161098372
2026-04-24,0.012509730735394181
2026-04-27,0.0037479053696421274
2026-04-28,0.00318900990900839
2026-04-29,-0.0011621195352282863
2026-04-30,-0.015335804618239246
2026-05-01,-0.003653365473215729
2026-05-04,0.01102766867300629
2026-05-05,0.0019028814878420367
2026-05-06,0.0036089189732054472
2026-05-07,-0.002175779306623822
2026-05-08,-0.004343260362100156
2026-05-11,-0.015468845123145867
2026-05-12,-0.00466605563312745
2026-05-13,0.008214996720026924
2026-05-14,-0.002703723668482837
2026-05-15,0.013277918766040887
2026-05-18,-0.005486376193796775
2026-05-19,-0.01954846950322153
2026-05-20,0.009974935027988912
2026-05-21,-0.0052527145166704325
2026-05-22,-0.007750616678670566
2026-05-26,0.002047593927794164
2026-05-27,-0.003759496154921342
2026-05-28,0.008910459949226908
2026-05-29,0.001700713332953655
2026-06-01,0.004679773531379643
2026-06-02,-0.015958815855830432
2026-06-03,0.006890934660973345
2026-06-04,-0.00908545963914953
2026-06-05,-0.01527569110683622
2026-06-08,0.025124450251600282
2026-06-09,-0.0039172623503942895
2026-06-10,-0.004174761656230969
2026-06-11,-0.005568347444577977
2026-06-12,-0.007662192722415637
2026-06-15,0.005545228623566065
2026-06-16,-0.00040813512258252747
2026-06-17,0.012622921909576996
2026-06-18,-0.0072606951058924755
2026-06-22,-0.00031809080898616754
2026-06-23,-0.009337328053280108
2026-06-24,-0.010868541283144772
2026-06-25,-0.0047376724834454894
2026-06-26,-0.009849732690768626
2026-06-29,-0.0006591449089202296
